codigo,descripcion,estado de stock,cantidad stock,última etapa comprada,etapa en ejecución,cantidad presupuestada etapa,cantidad comprada,cantidad recibida,duración del producto,obra,llave
1177641,ADHESIVO EN POLVO 25 KG 1 SAC O,SOBRE NIVEL CRÍTICO Y PARA MÁS DE DOS SEMANAS,71.0,10.0,9.0,66.0,125.0,125.0,6 MESES,OBRABRISASDEMACHALI,1177641-OBRABRISASDEMACHALI1
1177650,SILICONA SIKACRYL AS BLANCO P,BAJO NIVEL CRITICO Y PARA MÁS DE DOS SEMANAS,28.0,8.0,7.0,110.0,219.0,219.0,24 MESES,OBRABRISASDEMACHALI,1177650-OBRABRISASDEMACHALI1
1177879,DESAGUE TINA/REBALSE/SIFON 1 UN,SOBRE NIVEL CRÍTICO Y PARA MÁS DE DOS SEMANAS,64.0,10.0,10.0,18.0,27.0,27.0,,OBRABRISASDEMACHALI,1177879-OBRABRISASDEMACHALI1
1177895,ANTICORROSIVO NEGRO 1 GAL,BAJO NIVEL CRITICO Y PARA MÁS DE DOS SEMANAS,1.0,10.0,10.0,2.97,3.0,3.0,12 MESES,OBRABRISASDEMACHALI,1177895-OBRABRISASDEMACHALI1
1178193,"BROCHA 2"" 1 UN",SOBRE NIVEL CRÍTICO Y PARA MÁS DE DOS SEMANAS,26.0,10.0,10.0,31.95,34.5,34.5,,OBRABRISASDEMACHALI,1178193-OBRABRISASDEMACHALI1
1178222,"CANERIA CU 3/4"" TIPO L 1 ML",CERCA DE NIVEL CRITICO Y PARA MÁS DE DOS SEMANAS,15.0,10.0,9.0,7.0,13.0,13.0,,OBRABRISASDEMACHALI,1178222-OBRABRISASDEMACHALI1
1178257,CELOSIA 30 X 30 BLANCA 1 UN,SOBRE NIVEL CRÍTICO Y PARA MÁS DE DOS SEMANAS,55.0,10.0,7.0,22.0,27.0,49.0,,OBRABRISASDEMACHALI,1178257-OBRABRISASDEMACHALI1
1179348,"MEDIDOR AGUA POTABLE 1"" 1 UN",BAJO NIVEL CRITICO Y PARA MÁS DE DOS SEMANAS,9.0,10.0,8.0,7.0,7.0,7.0,12 MESES,OBRABRISASDEMACHALI,1179348-OBRABRISASDEMACHALI1
1179461,PEGAMENTO PVC 250 CC 1 POTE,BAJO NIVEL CRITICO Y PARA MÁS DE DOS SEMANAS,30.0,2.0,2.0,66.0,66.0,66.0,24 MESES,OBRABRISASDEMACHALI,1179461-OBRABRISASDEMACHALI1
1179487,"DISCO CORTE METAL 9"" 1 UN",BAJO NIVEL CRITICO Y PARA MÁS DE DOS SEMANAS,11.0,2.0,2.0,88.0,11.0,11.0,,OBRABRISASDEMACHALI,1179487-OBRABRISASDEMACHALI1
1179508,"BROCHA 4"" 1 UN",SOBRE NIVEL CRÍTICO Y PARA MÁS DE DOS SEMANAS,27.0,10.0,10.0,30.25,22.0,22.0,,OBRABRISASDEMACHALI,1179508-OBRABRISASDEMACHALI1
1179524,FRAGUE CERAMICO BLANCO 1 KG,SOBRE NIVEL CRÍTICO Y PARA MÁS DE DOS SEMANAS,160.0,9.0,9.0,219.03,218.0,218.0,12 MESES,OBRABRISASDEMACHALI,1179524-OBRABRISASDEMACHALI1
1179698,"PLANCHA YESO-CARTON ST 10 MM 1 ,20 X 2,40 1 PLANCHA",SOBRE NIVEL CRÍTICO Y PARA MÁS DE DOS SEMANAS,522.0,1.0,10.0,594.0,599.8,599.8,,OBRABRISASDEMACHALI,1179698-OBRABRISASDEMACHALI1
1181093,"CANERIA CU 1"" TIPO L 1 ML",SOBRE NIVEL CRÍTICO Y PARA MÁS DE DOS SEMANAS,52.0,10.0,9.0,13.0,31.0,31.0,,OBRABRISASDEMACHALI,1181093-OBRABRISASDEMACHALI1
1181561,"DESAGUE LAVAPLATOS 1 1/2"" 1 U N",BAJO NIVEL CRITICO Y PARA MÁS DE DOS SEMANAS,12.0,9.0,7.0,22.0,22.0,22.0,,OBRABRISASDEMACHALI,1181561-OBRABRISASDEMACHALI1
1182758,"PLANCHA YESO-CARTON RH 12,5 MM 1,20 X 2,40 1 PLANCHA",SOBRE NIVEL CRÍTICO Y PARA MÁS DE DOS SEMANAS,136.0,1.0,10.0,117.0,117.0,117.0,,OBRABRISASDEMACHALI,1182758-OBRABRISASDEMACHALI1
1182862,MARCO PUERTA MADERA 30 X 90 1 UN,SOBRE NIVEL CRÍTICO Y PARA MÁS DE DOS SEMANAS,81.0,9.0,8.0,56.0,60.0,60.0,,OBRABRISASDEMACHALI,1182862-OBRABRISASDEMACHALI1
1182889,LANA DE VIDRIO 100 MM 1 M2,SOBRE NIVEL CRÍTICOY SIN ENTREGA LOS ÚLTIMOS 90 DÍAS,360.0,9.0,9.0,675.0,675.0,675.0,,OBRABRISASDEMACHALI,1182889-OBRABRISASDEMACHALI1
1183013,CINTA AUTOADHESIVA P/JUNTURA 45 MTS 1 ROLLO,SOBRE NIVEL CRÍTICO Y PARA MÁS DE DOS SEMANAS,55.0,10.0,10.0,58.5,59.0,59.0,,OBRABRISASDEMACHALI,1183013-OBRABRISASDEMACHALI1
1183128,"SIFON BOTELLA 1 1/4"" SALIDA CU RVA 1 UN",BAJO NIVEL CRITICO Y PARA MÁS DE DOS SEMANAS,30.0,9.0,8.0,28.0,28.0,28.0,,OBRABRISASDEMACHALI,1183128-OBRABRISASDEMACHALI1
1183136,PAPEL FIELTRO 10/40 1 ROLLO,BAJO NIVEL CRITICO Y PARA MÁS DE DOS SEMANAS,45.0,2.0,1.0,37.9,38.0,38.0,,OBRABRISASDEMACHALI,1183136-OBRABRISASDEMACHALI1
1187751,"TAPACAN SMARTSIDE TRIM 7 1/4"" LP 1 UN",SOBRE NIVEL CRÍTICO Y PARA MÁS DE DOS SEMANAS,142.0,2.0,1.0,135.82,136.0,136.0,,OBRABRISASDEMACHALI,1187751-OBRABRISASDEMACHALI1
1188105,PLANCHA FIBROCEMENTO 4 MM 1 P LANCHA,CERCA DE NIVEL CRITICO Y PARA MÁS DE DOS SEMANAS,98.0,10.0,10.0,117.0,95.0,95.0,,OBRABRISASDEMACHALI,1188105-OBRABRISASDEMACHALI1
1188447,TERCIADO ESTRUCTURAL 15 MM 1 PLANCHA,BAJO NIVEL CRITICOY SIN ENTREGA LOS ÚLTIMOS 90 DÍAS,17.5,9.0,9.0,25.0,33.0,33.0,,OBRABRISASDEMACHALI,1188447-OBRABRISASDEMACHALI1
1189722,CELOSIA 20 X 20 BLANCA 1 UN,SOBRE NIVEL CRÍTICO Y PARA MÁS DE DOS SEMANAS,76.0,10.0,8.0,28.0,41.0,24.0,,OBRABRISASDEMACHALI,1189722-OBRABRISASDEMACHALI1
1190230,CODO PP-R 32 MM 1 UN,BAJO NIVEL CRITICO Y PARA MÁS DE DOS SEMANAS,4.0,2.0,2.0,11.0,11.0,11.0,,OBRABRISASDEMACHALI,1190230-OBRABRISASDEMACHALI1
1190299,TEE RED.25 X 20 X 25 PP-R 1 UN,BAJO NIVEL CRITICO Y PARA MÁS DE DOS SEMANAS,36.0,2.0,2.0,33.0,33.0,33.0,,OBRABRISASDEMACHALI,1190299-OBRABRISASDEMACHALI1
1190336,TEE RED PP-R 32 X 20 X 32 MM ,BAJO NIVEL CRITICO Y PARA MÁS DE DOS SEMANAS,8.0,2.0,2.0,22.0,22.0,22.0,,OBRABRISASDEMACHALI,1190336-OBRABRISASDEMACHALI1
1190344,LLAVE PASO PP-R CAMPANA 25 MM CRM 1 UN,BAJO NIVEL CRITICO Y PARA MÁS DE DOS SEMANAS,27.0,2.0,2.0,77.0,77.0,77.0,,OBRABRISASDEMACHALI,1190344-OBRABRISASDEMACHALI1
1191371,"TINA 1,7 X 0,7 MTS ACERO ESMAL TADA",BAJO NIVEL CRITICO Y PARA MÁS DE DOS SEMANAS,2.0,10.0,10.0,9.0,9.0,9.0,,OBRABRISASDEMACHALI,1191371-OBRABRISASDEMACHALI1
1191945,ADHESIVO TECNO BOND 20 KG 1 TIN,BAJO NIVEL CRITICO Y PARA MÁS DE DOS SEMANAS,5.0,10.0,10.0,2.4,3.0,3.0,18 MESES,OBRABRISASDEMACHALI,1191945-OBRABRISASDEMACHALI1
1192147,"BISAGRA 3"" X 3"" CROMO SATIN 1 UN",SOBRE NIVEL CRÍTICO Y PARA MÁS DE DOS SEMANAS,437.0,9.0,8.0,294.0,294.0,294.0,,OBRABRISASDEMACHALI,1192147-OBRABRISASDEMACHALI1
1192155,"BISAGRA 3 1/2"" X 3 1/2"" CROMO SATIN 1 UN",SOBRE NIVEL CRÍTICO Y PARA MÁS DE DOS SEMANAS,30.0,9.0,8.0,21.0,21.0,21.0,,OBRABRISASDEMACHALI,1192155-OBRABRISASDEMACHALI1
1192956,MASTERSEAL 550 30 KG 1 JUEGO,BAJO NIVEL CRITICO Y PARA MÁS DE DOS SEMANAS,39.0,2.0,2.0,32.42,27.83,27.83,24 MESES,OBRABRISASDEMACHALI,1192956-OBRABRISASDEMACHALI1
1193289,PUERTA VIDRIADA ALCALA DH MARA CLARA 45 MM C/T DER 1UN,BAJO NIVEL CRITICO Y PARA MÁS DE DOS SEMANAS,6.0,10.0,8.0,3.5,5.0,5.0,,OBRABRISASDEMACHALI,1193289-OBRABRISASDEMACHALI1
1193609,MOLDURA NOMASTYL 40 X 50 D 1 M L,SOBRE NIVEL CRÍTICO Y PARA MÁS DE DOS SEMANAS,2070.0,9.0,8.0,1134.01,1134.01,1134.01,,OBRABRISASDEMACHALI,1193609-OBRABRISASDEMACHALI1
1193705,"PINO 1"" X 4"" X 3,20 MT IMPREGN ADO",SOBRE NIVEL CRÍTICO Y PARA MÁS DE DOS SEMANAS,1036.0,1.0,1.0,1392.0,1392.0,1392.0,,OBRABRISASDEMACHALI,1193705-OBRABRISASDEMACHALI1
1193713,"PINO 2"" X 2"" X 3,20 MT IMPREGN ADO",SOBRE NIVEL CRÍTICO Y PARA MÁS DE DOS SEMANAS,1019.0,1.0,1.0,1144.0,1144.0,1144.0,,OBRABRISASDEMACHALI,1193713-OBRABRISASDEMACHALI1
1193887,"TORNILLO C/LENTEJA P/FINA 8 X 1/2"" 1 UN",SOBRE NIVEL CRÍTICOY SIN ENTREGA LOS ÚLTIMOS 90 DÍAS,8154.0,6.0,6.0,4880.0,4880.0,4880.0,,OBRABRISASDEMACHALI,1193887-OBRABRISASDEMACHALI1
1194100,CERRADURA SOBREPONER,BAJO NIVEL CRITICO Y PARA MENOS DE DOS SEMANAS,0.0,8.0,8.0,7.0,7.0,7.0,,OBRABRISASDEMACHALI,1194100-OBRABRISASDEMACHALI1
1194994,PERILLON LISO INOX 1 UN,BAJO NIVEL CRITICO Y PARA MÁS DE DOS SEMANAS,23.0,9.0,6.0,10.0,10.0,10.0,,OBRABRISASDEMACHALI,1194994-OBRABRISASDEMACHALI1
1195102,"TORNILLO C/LENTEJA P/BROCA 8 X 1/2"" 1 UN",SOBRE NIVEL CRÍTICO Y PARA MÁS DE DOS SEMANAS,442.0,10.0,10.0,900.0,900.0,900.0,,OBRABRISASDEMACHALI,1195102-OBRABRISASDEMACHALI1
1195217,"TINA 1,40 X 0,70 MTS BLANCA ES MALTADA 1 UN",BAJO NIVEL CRITICO Y PARA MENOS DE DOS SEMANAS,0.0,10.0,10.0,9.0,9.0,9.0,,OBRABRISASDEMACHALI,1195217-OBRABRISASDEMACHALI1
1195479,PUERTA VIDRIADA ALCALA DH MARA CLARA 45 MM C/T IZQ 1 UN,BAJO NIVEL CRITICOY SIN ENTREGA LOS ÚLTIMOS 90 DÍAS,4.0,10.0,10.0,4.5,5.0,0.0,,OBRABRISASDEMACHALI,1195479-OBRABRISASDEMACHALI1
1196076,"CODO PP-R 20 X 1/2"" HI 1 UN",SOBRE NIVEL CRÍTICO Y PARA MÁS DE DOS SEMANAS,84.0,2.0,2.0,88.0,88.0,88.0,,OBRABRISASDEMACHALI,1196076-OBRABRISASDEMACHALI1
1196199,"CODO PP-R 20 X 1/2"" HE 1 UN",SOBRE NIVEL CRÍTICO Y PARA MÁS DE DOS SEMANAS,105.0,2.0,1.0,48.0,48.0,48.0,,OBRABRISASDEMACHALI,1196199-OBRABRISASDEMACHALI1
1196447,"DISCO CORTE METAL 4 1/2"" 1 UN",BAJO NIVEL CRITICO Y PARA MÁS DE DOS SEMANAS,14.0,1.0,1.0,40.0,40.0,40.0,,OBRABRISASDEMACHALI,1196447-OBRABRISASDEMACHALI1
1196455,ADHESIVO SILICONABLANCO SANISIL 280 ML 1 UN,BAJO NIVEL CRITICO Y PARA MÁS DE DOS SEMANAS,27.0,9.0,8.0,14.0,15.0,15.0,24 MESES,OBRABRISASDEMACHALI,1196455-OBRABRISASDEMACHALI1
1196623,RECEPTACULO 0.70 X 0.70 MT 1 U N,BAJO NIVEL CRITICO Y PARA MENOS DE DOS SEMANAS,0.0,10.0,10.0,9.0,9.0,9.0,,OBRABRISASDEMACHALI,1196623-OBRABRISASDEMACHALI1
1197327,CERRADURA MANILLA TOSCANA SIMP LE PASO 1 UN COD 121775,SOBRE NIVEL CRÍTICO Y PARA MÁS DE DOS SEMANAS,60.0,9.0,8.0,42.0,42.0,42.0,,OBRABRISASDEMACHALI,1197327-OBRABRISASDEMACHALI1
1197335,CERRADURA MANILLA TOSCANA BA?O 1 UN COD 121774,SOBRE NIVEL CRÍTICO Y PARA MÁS DE DOS SEMANAS,41.0,9.0,8.0,28.0,28.0,28.0,,OBRABRISASDEMACHALI,1197335-OBRABRISASDEMACHALI1
1197343,CERRADURA MANILLA TOSCANA DORM ITORIO 1 UN COD 132570,BAJO NIVEL CRITICO Y PARA MÁS DE DOS SEMANAS,19.0,9.0,9.0,30.0,27.0,26.0,,OBRABRISASDEMACHALI,1197343-OBRABRISASDEMACHALI1
1197351,CERRADURA MANILLA TOSCANA ACCE SO 1 UN COD 121771,BAJO NIVEL CRITICO Y PARA MÁS DE DOS SEMANAS,14.0,9.0,8.0,7.0,7.0,7.0,,OBRABRISASDEMACHALI,1197351-OBRABRISASDEMACHALI1
1197458,CERRADURA MANILLA TOSCANA COCI NA EXT 1 UN COD 121772,BAJO NIVEL CRITICOY SIN ENTREGA LOS ÚLTIMOS 90 DÍAS,11.0,9.0,7.0,11.0,11.0,11.0,,OBRABRISASDEMACHALI,1197458-OBRABRISASDEMACHALI1
1198645,MARCO PUERTA MADERA ENCHAPADO MARA CLARA 30 X 90 1 UN,CERCA DE NIVEL CRITICO Y PARA MÁS DE DOS SEMANAS,66.0,10.0,8.0,28.0,28.0,28.0,,OBRABRISASDEMACHALI,1198645-OBRABRISASDEMACHALI1
1199189,BEKRON D.A. EN POLVO 25 KG 1 SACO,SOBRE NIVEL CRÍTICO Y PARA MÁS DE DOS SEMANAS,45.0,10.0,10.0,143.64,55.0,55.0,6 MESES,OBRABRISASDEMACHALI,1199189-OBRABRISASDEMACHALI1
1199517,SOBREPASO PP-R 20 MM 1 UN,BAJO NIVEL CRITICO Y PARA MENOS DE DOS SEMANAS,0.0,2.0,2.0,22.0,22.0,22.0,,OBRABRISASDEMACHALI,1199517-OBRABRISASDEMACHALI1
1199525,SOBREPASO PP-R 25 MM 1 UN,BAJO NIVEL CRITICO Y PARA MENOS DE DOS SEMANAS,2.0,2.0,1.0,8.0,8.0,8.0,,OBRABRISASDEMACHALI,1199525-OBRABRISASDEMACHALI1
1199592,COPLA PP-R 32 MM 1 UN,BAJO NIVEL CRITICO Y PARA MÁS DE DOS SEMANAS,4.0,2.0,2.0,11.0,11.0,11.0,,OBRABRISASDEMACHALI,1199592-OBRABRISASDEMACHALI1
1199630,"CODO DOBLE POLIF. 20 X 1/2"" HI 1 UN",BAJO NIVEL CRITICO Y PARA MÁS DE DOS SEMANAS,8.0,10.0,10.0,9.0,9.0,9.0,,OBRABRISASDEMACHALI,1199630-OBRABRISASDEMACHALI1
1200151,DESAGUE PLATO DUCHA E70 X S 1 1/2 1 UN,BAJO NIVEL CRITICOY SIN ENTREGA LOS ÚLTIMOS 90 DÍAS,0.0,9.0,7.0,11.0,11.0,11.0,,OBRABRISASDEMACHALI,1200151-OBRABRISASDEMACHALI1
1200160,"SIFON LAVAPLATO DOBLE PREMIUM E 1 1/2"" 1 UN",BAJO NIVEL CRITICOY SIN ENTREGA LOS ÚLTIMOS 90 DÍAS,13.0,9.0,3.0,9.0,9.0,9.0,,OBRABRISASDEMACHALI,1200160-OBRABRISASDEMACHALI1
1201470,PEGAMENTO ALFOMBRA PATEL,BAJO NIVEL CRITICO Y PARA MÁS DE DOS SEMANAS,12.0,9.0,8.0,7.71,8.0,8.0,24 MESES,OBRABRISASDEMACHALI,1201470-OBRABRISASDEMACHALI1
1203213,LLAVE PASO PP-R CAMPANA 20 MM CRM 1 UN,SOBRE NIVEL CRÍTICO Y PARA MÁS DE DOS SEMANAS,101.0,2.0,2.0,99.0,99.0,99.0,,OBRABRISASDEMACHALI,1203213-OBRABRISASDEMACHALI1
1204515,TEE PP-R 25 MM 1 UN,BAJO NIVEL CRITICO Y PARA MENOS DE DOS SEMANAS,0.0,1.0,1.0,16.0,32.0,32.0,,OBRABRISASDEMACHALI,1204515-OBRABRISASDEMACHALI1
1205850,TUBERIA PP-R 20 MM PN-16 1 M L,SOBRE NIVEL CRÍTICO Y PARA MÁS DE DOS SEMANAS,195.57,2.0,2.0,352.0,352.0,352.0,,OBRABRISASDEMACHALI,1205850-OBRABRISASDEMACHALI1
1205868,TUBERIA PP-R 25 MM PN-16 1 M L,SOBRE NIVEL CRÍTICO Y PARA MÁS DE DOS SEMANAS,413.0,2.0,2.0,638.0,640.0,640.0,,OBRABRISASDEMACHALI,1205868-OBRABRISASDEMACHALI1
1205876,TUBERIA PP-R 32 MM PN-16 1 M L,SOBRE NIVEL CRÍTICO Y PARA MÁS DE DOS SEMANAS,324.0,2.0,2.0,176.0,176.0,176.0,,OBRABRISASDEMACHALI,1205876-OBRABRISASDEMACHALI1
1205921,"CODO PP-R 25 X 1/2"" HE 1 UN",BAJO NIVEL CRITICO Y PARA MENOS DE DOS SEMANAS,0.0,10.0,9.0,40.0,40.0,40.0,,OBRABRISASDEMACHALI,1205921-OBRABRISASDEMACHALI1
1206123,"DISCO CORTE METAL 14"" 1 UN",BAJO NIVEL CRITICO Y PARA MENOS DE DOS SEMANAS,0.0,10.0,10.0,2.97,4.0,4.0,,OBRABRISASDEMACHALI,1206123-OBRABRISASDEMACHALI1
1206609,PASAMANOS RAULI 1 UN,BAJO NIVEL CRITICO Y PARA MÁS DE DOS SEMANAS,10.0,9.0,8.0,7.0,7.0,7.0,,OBRABRISASDEMACHALI,1206609-OBRABRISASDEMACHALI1
1208006,TERMINAL PP-R 20 X 1/2 HI 1 UN,BAJO NIVEL CRITICO Y PARA MENOS DE DOS SEMANAS,0.0,2.0,10.0,63.0,63.0,63.0,,OBRABRISASDEMACHALI,1208006-OBRABRISASDEMACHALI1
1234768,LAVAPLATO BAJO CUBIERTA DOBLE COPA 870 X 380 MM 1 UN,BAJO NIVEL CRITICO Y PARA MÁS DE DOS SEMANAS,10.0,9.0,8.0,7.0,7.0,7.0,,OBRABRISASDEMACHALI,1234768-OBRABRISASDEMACHALI1
1243987,"PUERTA MDF PREP. AMPARO 0,60 X 2,00 MT",BAJO NIVEL CRITICO Y PARA MÁS DE DOS SEMANAS,10.0,10.0,10.0,9.0,9.0,0.0,,OBRABRISASDEMACHALI,1243987-OBRABRISASDEMACHALI1
1244015,"PUERTA MDF PREP. AMPARO 0,70 X 2,00 MT",BAJO NIVEL CRITICO Y PARA MÁS DE DOS SEMANAS,40.0,10.0,10.0,36.0,36.0,0.0,,OBRABRISASDEMACHALI,1244015-OBRABRISASDEMACHALI1
1244023,"PUERTA HDF PREP AMPARO 0,75 X 2,00 MT 1 UN",BAJO NIVEL CRITICO Y PARA MÁS DE DOS SEMANAS,30.0,10.0,10.0,27.0,27.0,0.0,,OBRABRISASDEMACHALI,1244023-OBRABRISASDEMACHALI1
1245991,TUBERIA PP-R 40 MM PN-16 1 M L,CERCA DE NIVEL CRITICO Y PARA MÁS DE DOS SEMANAS,152.0,2.0,2.0,88.0,88.0,88.0,,OBRABRISASDEMACHALI,1245991-OBRABRISASDEMACHALI1
1247072,CODO PP-R 20 MM X 90° 1 UN,SOBRE NIVEL CRÍTICO Y PARA MÁS DE DOS SEMANAS,507.0,2.0,2.0,286.0,286.0,286.0,,OBRABRISASDEMACHALI,1247072-OBRABRISASDEMACHALI1
1247081,CODO PP-R 25 MM X 90° 1 UN,SOBRE NIVEL CRÍTICO Y PARA MÁS DE DOS SEMANAS,231.0,2.0,2.0,286.0,286.0,286.0,,OBRABRISASDEMACHALI,1247081-OBRABRISASDEMACHALI1
1247110,TEE RED.20 X 25 X 20 PP-R 1 UN,BAJO NIVEL CRITICO Y PARA MÁS DE DOS SEMANAS,97.0,2.0,2.0,33.0,33.0,33.0,,OBRABRISASDEMACHALI,1247110-OBRABRISASDEMACHALI1
1247128,TEE RED.25 X 20 X 20 PP-R 1 UN,BAJO NIVEL CRITICO Y PARA MÁS DE DOS SEMANAS,67.0,2.0,2.0,44.0,44.0,44.0,,OBRABRISASDEMACHALI,1247128-OBRABRISASDEMACHALI1
1247144,TEE RED.25 X 25 X 20 PP-R 1 UN,BAJO NIVEL CRITICO Y PARA MÁS DE DOS SEMANAS,37.0,2.0,2.0,22.0,22.0,22.0,,OBRABRISASDEMACHALI,1247144-OBRABRISASDEMACHALI1
1247161,TEE RED.32 X 25 X 25 PP-R 1 UN,BAJO NIVEL CRITICO Y PARA MÁS DE DOS SEMANAS,22.0,2.0,2.0,11.0,11.0,11.0,,OBRABRISASDEMACHALI,1247161-OBRABRISASDEMACHALI1
1248032,"TAPON PP-R 1/2"" HE 1UN",SOBRE NIVEL CRÍTICOY SIN ENTREGA LOS ÚLTIMOS 90 DÍAS,235.0,2.0,7.0,99.0,99.0,99.0,,OBRABRISASDEMACHALI,1248032-OBRABRISASDEMACHALI1
1248041,"TAPON PP-R 1/2"" HI 1UN",SOBRE NIVEL CRÍTICOY SIN ENTREGA LOS ÚLTIMOS 90 DÍAS,288.0,2.0,7.0,77.0,77.0,77.0,,OBRABRISASDEMACHALI,1248041-OBRABRISASDEMACHALI1
1248788,TEE RED 40 X 25 X 32 PP-R 1 UN,BAJO NIVEL CRITICO Y PARA MÁS DE DOS SEMANAS,17.0,2.0,2.0,11.0,11.0,11.0,,OBRABRISASDEMACHALI,1248788-OBRABRISASDEMACHALI1
1248833,COPLA PP-R 40 MM 1 UN,SOBRE NIVEL CRÍTICOY SIN ENTREGA LOS ÚLTIMOS 90 DÍAS,58.0,10.0,8.0,7.0,21.0,21.0,,OBRABRISASDEMACHALI,1248833-OBRABRISASDEMACHALI1
1251346,MALLA DE FIBRA DE VIDRIO 1X50 MTS 1 UN,BAJO NIVEL CRITICO Y PARA MÁS DE DOS SEMANAS,1.0,1.0,9.0,0.66,0.66,0.66,,OBRABRISASDEMACHALI,1251346-OBRABRISASDEMACHALI1
1252074,"TERMINAL PP-R 20 X 1/2"" HE 1 UN",BAJO NIVEL CRITICO Y PARA MENOS DE DOS SEMANAS,0.0,10.0,10.0,81.0,86.0,86.0,,OBRABRISASDEMACHALI,1252074-OBRABRISASDEMACHALI1
1252533,COPLA PP-R 25 MM 1 UN,SOBRE NIVEL CRÍTICO Y PARA MÁS DE DOS SEMANAS,146.0,2.0,2.0,22.0,22.0,22.0,,OBRABRISASDEMACHALI,1252533-OBRABRISASDEMACHALI1
1252541,COPLA PP-R 20 MM 1 UN,BAJO NIVEL CRITICOY SIN ENTREGA LOS ÚLTIMOS 90 DÍAS,11.0,1.0,1.0,16.0,16.0,16.0,,OBRABRISASDEMACHALI,1252541-OBRABRISASDEMACHALI1
1252971,TEE PP-R 32 MM 1 UN,BAJO NIVEL CRITICO Y PARA MÁS DE DOS SEMANAS,10.0,2.0,2.0,11.0,11.0,11.0,,OBRABRISASDEMACHALI,1252971-OBRABRISASDEMACHALI1
1252980,"TERMINAL PP-R 32 X 1"" HE 1 UN",BAJO NIVEL CRITICOY SIN ENTREGA LOS ÚLTIMOS 90 DÍAS,53.0,2.0,8.0,7.0,14.0,14.0,,OBRABRISASDEMACHALI,1252980-OBRABRISASDEMACHALI1
1254361,TERMOPLAC STRATO 1 SACO,BAJO NIVEL CRITICO Y PARA MÁS DE DOS SEMANAS,72.0,9.0,9.0,91.84,136.0,136.0,6 MESES,OBRABRISASDEMACHALI,1254361-OBRABRISASDEMACHALI1
1254862,CODO PP-R 40 MM 1 UN,SOBRE NIVEL CRÍTICO Y PARA MÁS DE DOS SEMANAS,68.0,2.0,2.0,11.0,11.0,11.0,,OBRABRISASDEMACHALI,1254862-OBRABRISASDEMACHALI1
1254871,COPLA RED. PP-R 40 X 32 MM 1 UN,BAJO NIVEL CRITICOY SIN ENTREGA LOS ÚLTIMOS 90 DÍAS,29.0,1.0,8.0,7.0,14.0,14.0,,OBRABRISASDEMACHALI,1254871-OBRABRISASDEMACHALI1
1255355,TEE PP-R 32 X 25 X 20 MM 1 UN,BAJO NIVEL CRITICO Y PARA MÁS DE DOS SEMANAS,4.0,2.0,2.0,11.0,11.0,11.0,,OBRABRISASDEMACHALI,1255355-OBRABRISASDEMACHALI1
1255566,TEE RED.32 X 25 X 32 PP-R 1 UN,BAJO NIVEL CRITICOY SIN ENTREGA LOS ÚLTIMOS 90 DÍAS,50.0,8.0,8.0,14.0,28.0,28.0,,OBRABRISASDEMACHALI,1255566-OBRABRISASDEMACHALI1
1256198,"DESAGUE LAVATORIO 1 1/4"" C/REB /REJ 1 UN",SOBRE NIVEL CRÍTICO Y PARA MÁS DE DOS SEMANAS,60.0,10.0,8.0,28.0,28.0,28.0,,OBRABRISASDEMACHALI,1256198-OBRABRISASDEMACHALI1
1256340,FRAGUE CERAMICO CAPRI 1 KG,SOBRE NIVEL CRÍTICO Y PARA MÁS DE DOS SEMANAS,195.0,9.0,9.0,168.0,105.0,105.0,12 MESES,OBRABRISASDEMACHALI,1256340-OBRABRISASDEMACHALI1
1258273,"TERMINAL PP-R 25 X 1/2"" HI 1",BAJO NIVEL CRITICOY SIN ENTREGA LOS ÚLTIMOS 90 DÍAS,16.0,1.0,1.0,2.0,2.0,0.0,,OBRABRISASDEMACHALI,1258273-OBRABRISASDEMACHALI1
1259305,"PLANCHA OSB PROTEC 11,1 MM X 2,4 4 X 1,22 MTS LP 1 UN",SOBRE NIVEL CRÍTICO Y PARA MÁS DE DOS SEMANAS,126.0,1.0,1.0,487.19,125.0,125.0,,OBRABRISASDEMACHALI,1259305-OBRABRISASDEMACHALI1
1267250,"VOLCAPOL ST 50 MM 1,20 X 2,40 1 PLANCHA",BAJO NIVEL CRITICO Y PARA MÁS DE DOS SEMANAS,72.0,10.0,10.0,450.0,450.0,450.0,,OBRABRISASDEMACHALI,1267250-OBRABRISASDEMACHALI1
1268615,YESO EXPRESS 25 KG,BAJO NIVEL CRITICO Y PARA MÁS DE DOS SEMANAS,42.0,10.0,10.0,85.33,83.63,83.63,6 MESES,OBRABRISASDEMACHALI,1268615-OBRABRISASDEMACHALI1
1268623,MASILLA BASE JUNTA PRO 25 KG,BAJO NIVEL CRITICO Y PARA MÁS DE DOS SEMANAS,26.0,1.0,10.0,35.06,35.14,35.14,6 MESES,OBRABRISASDEMACHALI,1268623-OBRABRISASDEMACHALI1
1269909,ADHESIVO AC EN PASTA 25 KG,SOBRE NIVEL CRÍTICO Y PARA MÁS DE DOS SEMANAS,52.0,10.0,9.0,87.71,103.0,103.0,6 MESES,OBRABRISASDEMACHALI,1269909-OBRABRISASDEMACHALI1
1270379,ACRIZINC NEGRO (25 KG) 1 TINETA,SOBRE NIVEL CRÍTICO Y PARA MÁS DE DOS SEMANAS,6.0,9.0,7.0,3.63,3.63,3.63,24 MESES,OBRABRISASDEMACHALI,1270379-OBRABRISASDEMACHALI1
1270475,MARMOLINA CLAY BEIGECT-70R G.M. (25 KG) 1 TINETA,BAJO NIVEL CRITICO Y PARA MÁS DE DOS SEMANAS,59.0,9.0,9.0,101.68,101.6,101.6,12 MESES,OBRABRISASDEMACHALI,1270475-OBRABRISASDEMACHALI1
1270521,LOSATEX (25 KG) 1 TINETA,BAJO NIVEL CRITICO Y PARA MÁS DE DOS SEMANAS,14.0,10.0,9.0,8.5,8.5,8.5,12 MESES,OBRABRISASDEMACHALI,1270521-OBRABRISASDEMACHALI1
1271056,PORCELANATOGREY GRES DETROIT 30 X 60 1 M2,SOBRE NIVEL CRÍTICO Y PARA MÁS DE DOS SEMANAS,386.28,10.0,10.0,393.66,394.56,394.56,,OBRABRISASDEMACHALI,1271056-OBRABRISASDEMACHALI1
1271064,PORCELANATO DETROIT ALMOND 30X60,BAJO NIVEL CRITICOY SIN ENTREGA LOS ÚLTIMOS 90 DÍAS,0.0,1.0,,,,,,OBRABRISASDEMACHALI,1271064-OBRABRISASDEMACHALI1
1271136,MARCO PUERTA MADERA 40X90 C/RA NURA BURLETE 1UN,BAJO NIVEL CRITICO Y PARA MÁS DE DOS SEMANAS,17.0,9.0,8.0,7.0,7.0,7.0,,OBRABRISASDEMACHALI,1271136-OBRABRISASDEMACHALI1
1274206,"VOLCAPOL RH 52,5 MM 1,20 X 2,4",BAJO NIVEL CRITICO Y PARA MÁS DE DOS SEMANAS,11.0,10.0,10.0,99.0,103.0,103.0,,OBRABRISASDEMACHALI,1274206-OBRABRISASDEMACHALI1
1274564,BURLETE MARCO PUERTA,SOBRE NIVEL CRÍTICO Y PARA MÁS DE DOS SEMANAS,104.0,8.0,8.0,35.0,35.0,35.0,,OBRABRISASDEMACHALI,1274564-OBRABRISASDEMACHALI1
1274572,BURLETE BAJO PUERTA,SOBRE NIVEL CRÍTICO Y PARA MÁS DE DOS SEMANAS,25.0,10.0,10.0,18.0,18.0,0.0,,OBRABRISASDEMACHALI,1274572-OBRABRISASDEMACHALI1
1274812,BASE COAT 20 KG 1 SACO,SOBRE NIVEL CRÍTICO Y PARA MÁS DE DOS SEMANAS,26.0,10.0,10.0,9.65,62.97,62.97,12 MESES,OBRABRISASDEMACHALI,1274812-OBRABRISASDEMACHALI1
1275065,"VENTILACION PASIVA 4"" 1 UN",BAJO NIVEL CRITICO Y PARA MÁS DE DOS SEMANAS,124.0,10.0,7.0,55.0,62.0,67.0,,OBRABRISASDEMACHALI,1275065-OBRABRISASDEMACHALI1
1275217,MASTERWALL CLAY BEIGE 23 KG 1 TINETA,BAJO NIVEL CRITICO Y PARA MÁS DE DOS SEMANAS,51.0,9.0,9.0,50.0,30.0,30.0,12 MESES,OBRABRISASDEMACHALI,1275217-OBRABRISASDEMACHALI1
1275401,"PUERTA MDF CAPRI II ENCHAPADA 0,75 X 2,00 1 UN",BAJO NIVEL CRITICO Y PARA MÁS DE DOS SEMANAS,20.0,10.0,10.0,18.0,18.0,0.0,,OBRABRISASDEMACHALI,1275401-OBRABRISASDEMACHALI1
1275410,"PUERTA MDF CAPRI II ENCHAPADA 0,65 X 2,00 1 UN",BAJO NIVEL CRITICO Y PARA MÁS DE DOS SEMANAS,11.0,10.0,10.0,9.0,9.0,0.0,,OBRABRISASDEMACHALI,1275410-OBRABRISASDEMACHALI1
1275920,PINTURA ESMALTE AL AGUABLANCO INVIERNO CP-70  1 TIN,BAJO NIVEL CRITICO Y PARA MÁS DE DOS SEMANAS,2.0,9.0,7.0,2.75,1.0,1.0,12 MESES,OBRABRISASDEMACHALI,1275920-OBRABRISASDEMACHALI1
1275938,PINTURA ESMALTE AL AGUABLANCO HUESO CP-70  1 TIN,BAJO NIVEL CRITICO Y PARA MÁS DE DOS SEMANAS,4.0,9.0,7.0,2.75,0.5,0.5,12 MESES,OBRABRISASDEMACHALI,1275938-OBRABRISASDEMACHALI1
1275946,OLEO OPACO BLANCO INVIERNO 1 GAL,BAJO NIVEL CRITICOY SIN ENTREGA LOS ÚLTIMOS 90 DÍAS,10.0,1.0,,,,,,OBRABRISASDEMACHALI,1275946-OBRABRISASDEMACHALI1
1275997,FRAGUE CERAMICO GREY 1 KG,SOBRE NIVEL CRÍTICO Y PARA MÁS DE DOS SEMANAS,100.0,9.0,9.0,88.0,83.2,83.2,12 MESES,OBRABRISASDEMACHALI,1275997-OBRABRISASDEMACHALI1
1276771,SILICONA SANISIL TRANSPARENTE 1 UNI,BAJO NIVEL CRITICO Y PARA MÁS DE DOS SEMANAS,13.0,9.0,7.0,16.9,21.0,21.0,24 MESES,OBRABRISASDEMACHALI,1276771-OBRABRISASDEMACHALI1
1277466,VOLCAFIX ADHESIVO VOLCAPOL 25 KG,BAJO NIVEL CRITICO Y PARA MENOS DE DOS SEMANAS,0.0,10.0,10.0,140.23,126.0,126.0,,OBRABRISASDEMACHALI,1277466-OBRABRISASDEMACHALI1
1277546,CUBREJUNTA 1 RO,BAJO NIVEL CRITICO Y PARA MÁS DE DOS SEMANAS,0.72,10.0,7.0,0.28,15.26,15.26,,OBRABRISASDEMACHALI,1277546-OBRABRISASDEMACHALI1
1278928,POLIESTIRENO EXP. 30 MM (20KG/ M3) 1 PLANCHA,SOBRE NIVEL CRÍTICO Y PARA MÁS DE DOS SEMANAS,220.0,2.0,2.0,247.5,236.5,236.5,,OBRABRISASDEMACHALI,1278928-OBRABRISASDEMACHALI1
1278936,POLIESTIRENO EXP. 60 MM (20KG/ M3) 1 PLANCHA,SOBRE NIVEL CRÍTICO Y PARA MÁS DE DOS SEMANAS,119.0,10.0,9.0,70.0,98.0,98.0,,OBRABRISASDEMACHALI,1278936-OBRABRISASDEMACHALI1
1278952,"POLIESTIRENO EXP. 80 MM (20KG/ M3) 1 X 0,5 M 1 PLANCHA",BAJO NIVEL CRITICOY SIN ENTREGA LOS ÚLTIMOS 90 DÍAS,15.0,1.0,,,,,,OBRABRISASDEMACHALI,1278952-OBRABRISASDEMACHALI1
1279517,"PUERTA TOSCANA ESTILO NATURAL 0,85X2,00 1 UN",BAJO NIVEL CRITICO Y PARA MÁS DE DOS SEMANAS,10.0,10.0,10.0,9.0,9.0,0.0,,OBRABRISASDEMACHALI,1279517-OBRABRISASDEMACHALI1
1279525,MARCO PUERTA L M26 1 UN,BAJO NIVEL CRITICO Y PARA MÁS DE DOS SEMANAS,13.0,10.0,10.0,9.0,9.0,0.0,,OBRABRISASDEMACHALI,1279525-OBRABRISASDEMACHALI1
1279584,"SIKABOND MONTAJE 3,8 KG BALDES",BAJO NIVEL CRITICO Y PARA MÁS DE DOS SEMANAS,24.0,8.0,8.0,28.01,38.0,38.0,12 MESES,OBRABRISASDEMACHALI,1279584-OBRABRISASDEMACHALI1
1283102,PINTURA DE MADERACASTANO MADERVET 1 TIN,BAJO NIVEL CRITICOY SIN ENTREGA LOS ÚLTIMOS 90 DÍAS,2.0,7.0,6.0,1.5,1.5,1.5,12 MESES,OBRABRISASDEMACHALI,1283102-OBRABRISASDEMACHALI1
1287031,CERAMICAGRIS VICAR 45 X 45 1 M2,SOBRE NIVEL CRÍTICO Y PARA MÁS DE DOS SEMANAS,229.69,10.0,9.0,231.0,238.24,230.33,,OBRABRISASDEMACHALI,1287031-OBRABRISASDEMACHALI1
1289483,MONOMANDO LAVATORIO AREZZO,BAJO NIVEL CRITICO Y PARA MÁS DE DOS SEMANAS,44.0,8.0,7.0,44.0,64.0,64.0,,OBRABRISASDEMACHALI,1289483-OBRABRISASDEMACHALI1
1289491,MONOMANDO TINA DUCHA AREZZO,BAJO NIVEL CRITICO Y PARA MÁS DE DOS SEMANAS,22.0,8.0,7.0,22.0,32.0,32.0,,OBRABRISASDEMACHALI,1289491-OBRABRISASDEMACHALI1
1289504,MONOMANDO DUCHA AREZZO,BAJO NIVEL CRITICO Y PARA MÁS DE DOS SEMANAS,11.0,8.0,7.0,11.0,16.0,16.0,,OBRABRISASDEMACHALI,1289504-OBRABRISASDEMACHALI1
1289512,MONOMANDO LAVAPLATOS AREZZO,BAJO NIVEL CRITICO Y PARA MÁS DE DOS SEMANAS,11.0,8.0,7.0,11.0,16.0,16.0,,OBRABRISASDEMACHALI,1289512-OBRABRISASDEMACHALI1
1290142,TEJA ASFALTICA OAKRIDGE BROWNWOOD CAFE M2,SOBRE NIVEL CRÍTICO Y PARA MÁS DE DOS SEMANAS,1075.7,1.0,1.0,1399.56,1401.2,1401.2,,OBRABRISASDEMACHALI,1290142-OBRABRISASDEMACHALI1
1290151,TEJA ASFALTICA SUPREME BROWNWOOD CAFE M2,BAJO NIVEL CRITICO Y PARA MÁS DE DOS SEMANAS,96.1,1.0,1.0,124.26,124.0,124.0,,OBRABRISASDEMACHALI,1290151-OBRABRISASDEMACHALI1
1290265,MUEBLE DE COCINA CORMORAN,BAJO NIVEL CRITICO Y PARA MÁS DE DOS SEMANAS,12.0,10.0,10.0,9.0,9.0,0.0,,OBRABRISASDEMACHALI,1290265-OBRABRISASDEMACHALI1
1291188,EXTRACTOR RETON 100 BTH HIGRO 1 UN,SOBRE NIVEL CRÍTICO Y PARA MÁS DE DOS SEMANAS,81.0,10.0,8.0,28.0,28.0,28.0,,OBRABRISASDEMACHALI,1291188-OBRABRISASDEMACHALI1
1291452,CALEFON MASTER IONIZADO G.N C/FLEX 11 LTS 1 UN,BAJO NIVEL CRITICO Y PARA MENOS DE DOS SEMANAS,2.0,8.0,8.0,14.0,14.0,14.0,,OBRABRISASDEMACHALI,1291452-OBRABRISASDEMACHALI1
1295373,CERAMICA NEW BLANCA BRILL 25 X 40 1 M2,SOBRE NIVEL CRÍTICO Y PARA MENOS DE DOS SEMANAS,74.7,10.0,10.0,518.05,519.0,0.0,,OBRABRISASDEMACHALI,1295373-OBRABRISASDEMACHALI1
1295461,LATEX CIELOLAT BLANCO HUESO,BAJO NIVEL CRITICO Y PARA MÁS DE DOS SEMANAS,54.0,9.0,9.0,47.3,48.0,48.0,12 MESES,OBRABRISASDEMACHALI,1295461-OBRABRISASDEMACHALI1
1295470,LATEX CIELOLAT BLANCO INVIERNO,BAJO NIVEL CRITICO Y PARA MÁS DE DOS SEMANAS,36.0,9.0,9.0,27.75,28.0,28.0,12 MESES,OBRABRISASDEMACHALI,1295470-OBRABRISASDEMACHALI1
1299126,MUEBLE VANITORIO CORMORAN 1 UN,BAJO NIVEL CRITICOY SIN ENTREGA LOS ÚLTIMOS 90 DÍAS,30.0,10.0,10.0,18.0,18.0,0.0,,OBRABRISASDEMACHALI,1299126-OBRABRISASDEMACHALI1
1299451,PASTA MURO CI-2005 24 KG 1 TIN,BAJO NIVEL CRITICO Y PARA MÁS DE DOS SEMANAS,17.0,9.0,9.0,40.65,36.0,36.0,12 MESES,OBRABRISASDEMACHALI,1299451-OBRABRISASDEMACHALI1
1177641,ADHESIVO CERAMICO POLVO ULTRA 25 KG 1 SACO,SOBRE NIVEL CRÍTICO Y PARA MÁS DE DOS SEMANAS,63.0,2.0,1.0,75.85,119.85,119.85,6 MESES,OBRAEDIFICIOCUMBRESRETIRO,1177641-OBRAEDIFICIOCUMBRESRETIRO
1177650,SILICONA SIKACRYL AS BLANCO P,SOBRE NIVEL CRÍTICO Y PARA MÁS DE DOS SEMANAS,158.0,2.0,2.0,129.51,130.0,120.0,24 MESES,OBRAEDIFICIOCUMBRESRETIRO,1177650-OBRAEDIFICIOCUMBRESRETIRO
1177810,RODILLO CHIPORRO 18 CM 1 UN,SOBRE NIVEL CRÍTICO Y PARA MÁS DE DOS SEMANAS,59.0,2.0,2.0,47.8,47.8,41.05,,OBRAEDIFICIOCUMBRESRETIRO,1177810-OBRAEDIFICIOCUMBRESRETIRO
1177879,DESAGUE TINA/REBALSE/SIFON 1 UN,SOBRE NIVEL CRÍTICO Y PARA MÁS DE DOS SEMANAS,26.0,2.0,1.0,24.0,24.0,24.0,,OBRAEDIFICIOCUMBRESRETIRO,1177879-OBRAEDIFICIOCUMBRESRETIRO
1177887,"SIFON LOA LAVAPLATOS S/CURVA 1 1/2"" 1UN",CERCA DE NIVEL CRITICO Y PARA MÁS DE DOS SEMANAS,48.0,2.0,1.0,16.0,32.0,32.0,,OBRAEDIFICIOCUMBRESRETIRO,1177887-OBRAEDIFICIOCUMBRESRETIRO
1178011,RODILLO ESPONJA 18 CM 1 UN,BAJO NIVEL CRITICO Y PARA MÁS DE DOS SEMANAS,22.0,1.0,1.0,6.8,7.0,7.0,,OBRAEDIFICIOCUMBRESRETIRO,1178011-OBRAEDIFICIOCUMBRESRETIRO
1178193,"BROCHA 2"" 1 UN",BAJO NIVEL CRITICO Y PARA MÁS DE DOS SEMANAS,17.0,1.0,1.0,18.0,36.0,36.0,,OBRAEDIFICIOCUMBRESRETIRO,1178193-OBRAEDIFICIOCUMBRESRETIRO
1179508,"BROCHA 4"" 1 UN",BAJO NIVEL CRITICO Y PARA MÁS DE DOS SEMANAS,15.0,1.0,1.0,24.0,48.0,48.0,,OBRAEDIFICIOCUMBRESRETIRO,1179508-OBRAEDIFICIOCUMBRESRETIRO
1179524,FRAGUE CERAMICO BLANCO 1 KG,SOBRE NIVEL CRÍTICO Y PARA MÁS DE DOS SEMANAS,103.0,2.0,1.0,56.16,56.0,56.0,12 MESES,OBRAEDIFICIOCUMBRESRETIRO,1179524-OBRAEDIFICIOCUMBRESRETIRO
1179698,"PLANCHA YESO-CARTON ST 10 MM 1 ,20 X 2,40 1 PLANCHA",SOBRE NIVEL CRÍTICO Y PARA MÁS DE DOS SEMANAS,394.0,2.0,2.0,212.0,210.0,210.0,,OBRAEDIFICIOCUMBRESRETIRO,1179698-OBRAEDIFICIOCUMBRESRETIRO
1180074,OLEO OPACO BLANCO 1 GAL,BAJO NIVEL CRITICO Y PARA MÁS DE DOS SEMANAS,14.0,1.0,1.0,14.48,14.48,14.48,12 MESES,OBRAEDIFICIOCUMBRESRETIRO,1180074-OBRAEDIFICIOCUMBRESRETIRO
1180331,"TINA 1,20 X 0,70 MTS BLANCA ES MALTADA 1 UN",BAJO NIVEL CRITICO Y PARA MÁS DE DOS SEMANAS,25.0,2.0,1.0,24.0,24.0,24.0,,OBRAEDIFICIOCUMBRESRETIRO,1180331-OBRAEDIFICIOCUMBRESRETIRO
1182483,"MUEBLE LAVAPLATO 0,8 MTS 1 UN",BAJO NIVEL CRITICOY SIN ENTREGA LOS ÚLTIMOS 90 DÍAS,0.0,4.0,4.0,20.0,20.0,20.0,,OBRAEDIFICIOCUMBRESRETIRO,1182483-OBRAEDIFICIOCUMBRESRETIRO
1182758,"PLANCHA YESO-CARTON RH 12,5 MM 1,20 X 2,40 1 PLANCHA",SOBRE NIVEL CRÍTICO Y PARA MÁS DE DOS SEMANAS,55.0,2.0,2.0,84.0,84.0,84.0,,OBRAEDIFICIOCUMBRESRETIRO,1182758-OBRAEDIFICIOCUMBRESRETIRO
1182803,"MEDIDOR AGUA POTABLE 3/4"" 1 U N",BAJO NIVEL CRITICOY SIN ENTREGA LOS ÚLTIMOS 90 DÍAS,16.0,1.0,4.0,10.0,41.0,41.0,12 MESES,OBRAEDIFICIOCUMBRESRETIRO,1182803-OBRAEDIFICIOCUMBRESRETIRO
1183013,CINTA AUTOADHESIVA P/JUNTURA 45 MTS 1 ROLLO,SOBRE NIVEL CRÍTICO Y PARA MÁS DE DOS SEMANAS,57.0,2.0,2.0,40.0,56.0,56.0,,OBRAEDIFICIOCUMBRESRETIRO,1183013-OBRAEDIFICIOCUMBRESRETIRO
1183128,"SIFON BOTELLA 1 1/4"" SALIDA CU RVA 1 UN",BAJO NIVEL CRITICO Y PARA MÁS DE DOS SEMANAS,25.0,2.0,1.0,24.0,24.0,24.0,,OBRAEDIFICIOCUMBRESRETIRO,1183128-OBRAEDIFICIOCUMBRESRETIRO
1184121,MONOMANDO LAVATORIO ORNELLA MO SAICO 1 UN,SOBRE NIVEL CRÍTICOY SIN ENTREGA LOS ÚLTIMOS 90 DÍAS,49.0,2.0,4.0,30.0,30.0,30.0,,OBRAEDIFICIOCUMBRESRETIRO,1184121-OBRAEDIFICIOCUMBRESRETIRO
1184139,MONOMANDO TINA-DUCHA ORNELLA M OSAICO 1 UN,SOBRE NIVEL CRÍTICOY SIN ENTREGA LOS ÚLTIMOS 90 DÍAS,50.0,2.0,4.0,30.0,30.0,30.0,,OBRAEDIFICIOCUMBRESRETIRO,1184139-OBRAEDIFICIOCUMBRESRETIRO
1191662,PEDESTAL UNIVERSAL 1 UN,BAJO NIVEL CRITICO Y PARA MÁS DE DOS SEMANAS,25.0,2.0,1.0,24.0,24.0,24.0,,OBRAEDIFICIOCUMBRESRETIRO,1191662-OBRAEDIFICIOCUMBRESRETIRO
1192121,"PUERTA HDF PRESTIGE 0,70 X 2 M T INTERIOR 1 UN",BAJO NIVEL CRITICOY SIN ENTREGA LOS ÚLTIMOS 90 DÍAS,14.0,1.0,1.0,64.0,80.0,80.0,,OBRAEDIFICIOCUMBRESRETIRO,1192121-OBRAEDIFICIOCUMBRESRETIRO
1192260,LAVAMANOS VALENCIA 1 UN,CERCA DE NIVEL CRITICO Y PARA MÁS DE DOS SEMANAS,25.0,2.0,1.0,24.0,25.0,25.0,,OBRAEDIFICIOCUMBRESRETIRO,1192260-OBRAEDIFICIOCUMBRESRETIRO
1192956,MASTERSEAL 550 30 KG 1 JUEGO,BAJO NIVEL CRITICO Y PARA MÁS DE DOS SEMANAS,24.0,2.0,2.0,12.05,12.05,12.05,12 MESES,OBRAEDIFICIOCUMBRESRETIRO,1192956-OBRAEDIFICIOCUMBRESRETIRO
1193027,CERRADURA CILIN INOX ACCESO LL AVE 1 UN,SOBRE NIVEL CRÍTICO Y PARA MÁS DE DOS SEMANAS,20.0,2.0,1.0,8.0,16.0,16.0,,OBRAEDIFICIOCUMBRESRETIRO,1193027-OBRAEDIFICIOCUMBRESRETIRO
1193060,CERRADURA CILIN INOX BANO 1 UN,SOBRE NIVEL CRÍTICO Y PARA MÁS DE DOS SEMANAS,26.0,2.0,1.0,24.0,24.0,24.0,,OBRAEDIFICIOCUMBRESRETIRO,1193060-OBRAEDIFICIOCUMBRESRETIRO
1193086,CERRADURA CILIN INOX S/PASO 1 UN,SOBRE NIVEL CRÍTICO Y PARA MÁS DE DOS SEMANAS,25.0,2.0,1.0,24.0,26.0,26.0,,OBRAEDIFICIOCUMBRESRETIRO,1193086-OBRAEDIFICIOCUMBRESRETIRO
1194177,LAVADERO PLASTICO 15 LTS FANAL OZA,BAJO NIVEL CRITICO Y PARA MÁS DE DOS SEMANAS,16.0,2.0,1.0,8.0,16.0,16.0,,OBRAEDIFICIOCUMBRESRETIRO,1194177-OBRAEDIFICIOCUMBRESRETIRO
1194281,LAVAPLATO EMPOTRAR INOX C/REBALSE MONOMANDO DER 800 X 435 1 UN,BAJO NIVEL CRITICOY SIN ENTREGA LOS ÚLTIMOS 90 DÍAS,8.0,2.0,2.0,8.0,8.0,0.0,,OBRAEDIFICIOCUMBRESRETIRO,1194281-OBRAEDIFICIOCUMBRESRETIRO
1194290,LAVAPLATO EMPOTRAR INOX C/REBALSE MONOMANDO IZQ 800 X 435 1 UN,BAJO NIVEL CRITICOY SIN ENTREGA LOS ÚLTIMOS 90 DÍAS,8.0,2.0,2.0,8.0,8.0,0.0,,OBRAEDIFICIOCUMBRESRETIRO,1194290-OBRAEDIFICIOCUMBRESRETIRO
1196455,SILICONA SANISIL BLCO 1 UN,BAJO NIVEL CRITICO Y PARA MÁS DE DOS SEMANAS,17.0,2.0,2.0,42.0,42.0,31.0,24 MESES,OBRAEDIFICIOCUMBRESRETIRO,1196455-OBRAEDIFICIOCUMBRESRETIRO
1201470,PEGAMENTO ALFOMBRA PATEL,BAJO NIVEL CRITICO Y PARA MÁS DE DOS SEMANAS,17.01,1.0,1.0,13.0,13.0,13.0,,OBRAEDIFICIOCUMBRESRETIRO,1201470-OBRAEDIFICIOCUMBRESRETIRO
1205665,ESMALTE AL AGUA CP-70 BLANCO 1 TIN,BAJO NIVEL CRITICO Y PARA MÁS DE DOS SEMANAS,10.0,2.0,1.0,1.34,0.09,0.09,12 MESES,OBRAEDIFICIOCUMBRESRETIRO,1205665-OBRAEDIFICIOCUMBRESRETIRO
1208621,FRAGUE CERAMICO ALMOND 1 KG,SOBRE NIVEL CRÍTICO Y PARA MÁS DE DOS SEMANAS,80.0,2.0,1.0,59.21,59.21,59.21,12 MESES,OBRAEDIFICIOCUMBRESRETIRO,1208621-OBRAEDIFICIOCUMBRESRETIRO
1244103,CALEFON TIRO FORZADO G.N. 10 LTS C/KIT C/FLEX 1 UN,BAJO NIVEL CRITICO Y PARA MENOS DE DOS SEMANAS,0.0,1.0,1.0,16.0,16.0,16.0,,OBRAEDIFICIOCUMBRESRETIRO,1244103-OBRAEDIFICIOCUMBRESRETIRO
1248251,CERRADURA CILIN INOX DORM 1 UN,SOBRE NIVEL CRÍTICO Y PARA MÁS DE DOS SEMANAS,17.0,2.0,1.0,8.0,16.0,16.0,,OBRAEDIFICIOCUMBRESRETIRO,1248251-OBRAEDIFICIOCUMBRESRETIRO
1252664,CERROJO INOX LLAVE LLAVE 1 UN,SOBRE NIVEL CRÍTICO Y PARA MÁS DE DOS SEMANAS,16.0,2.0,1.0,8.0,16.0,16.0,,OBRAEDIFICIOCUMBRESRETIRO,1252664-OBRAEDIFICIOCUMBRESRETIRO
1256198,"DESAGUE LAVATORIO 1 1/4"" C/REB /REJ 1 UN",SOBRE NIVEL CRÍTICO Y PARA MÁS DE DOS SEMANAS,24.0,2.0,1.0,24.0,24.0,24.0,,OBRAEDIFICIOCUMBRESRETIRO,1256198-OBRAEDIFICIOCUMBRESRETIRO
1257570,ALFOMBRA STONE BEIGE 600 1 M2,SOBRE NIVEL CRÍTICO Y PARA MÁS DE DOS SEMANAS,1084.35,2.0,1.0,722.88,852.8,852.8,,OBRAEDIFICIOCUMBRESRETIRO,1257570-OBRAEDIFICIOCUMBRESRETIRO
1264585,MONOMANDO LAVAPLATO LINEA ORNE LLA STRETTO 1 UN,CERCA DE NIVEL CRITICOY SIN ENTREGA LOS ÚLTIMOS 90 DÍAS,33.0,2.0,4.0,10.0,20.0,20.0,,OBRAEDIFICIOCUMBRESRETIRO,1264585-OBRAEDIFICIOCUMBRESRETIRO
1268615,YESO EXPRESS 25 KG,BAJO NIVEL CRITICO Y PARA MÁS DE DOS SEMANAS,44.0,2.0,2.0,142.74,113.56,113.56,6 MESES,OBRAEDIFICIOCUMBRESRETIRO,1268615-OBRAEDIFICIOCUMBRESRETIRO
1269790,CEMENTO AR SIDERURGICO BIO BIO 1 KG,SOBRE NIVEL CRÍTICO Y PARA MÁS DE DOS SEMANAS,1100.0,2.0,1.0,102.0,6.0,6.0,3 MESES,OBRAEDIFICIOCUMBRESRETIRO,1269790-OBRAEDIFICIOCUMBRESRETIRO
1269909,ADHESIVO AC EN PASTA 25 KG,SOBRE NIVEL CRÍTICO Y PARA MÁS DE DOS SEMANAS,13.0,2.0,1.0,22.46,22.0,22.0,6 MESES,OBRAEDIFICIOCUMBRESRETIRO,1269909-OBRAEDIFICIOCUMBRESRETIRO
1270521,LOSATEX (25 KG) 1 TINETA,SOBRE NIVEL CRÍTICO Y PARA MÁS DE DOS SEMANAS,36.0,2.0,1.0,16.05,16.0,16.0,12 MESES,OBRAEDIFICIOCUMBRESRETIRO,1270521-OBRAEDIFICIOCUMBRESRETIRO
1271902,"PUERTA HDF PRESTIGE PROTEGIDA 0,85 X 2 MTS EXTERIOR",BAJO NIVEL CRITICOY SIN ENTREGA LOS ÚLTIMOS 90 DÍAS,4.0,1.0,1.0,8.0,20.0,20.0,,OBRAEDIFICIOCUMBRESRETIRO,1271902-OBRAEDIFICIOCUMBRESRETIRO
1272251,ESMALTE TRIPLE ACCION 1 GALON,BAJO NIVEL CRITICOY SIN ENTREGA LOS ÚLTIMOS 90 DÍAS,4.0,2.0,4.0,0.6,1.3,1.3,12 MESES,OBRAEDIFICIOCUMBRESRETIRO,1272251-OBRAEDIFICIOCUMBRESRETIRO
1275065,"VENTILACION PASIVA 4"" 1 UN",SOBRE NIVEL CRÍTICO Y PARA MÁS DE DOS SEMANAS,90.0,2.0,1.0,56.0,56.0,56.0,,OBRAEDIFICIOCUMBRESRETIRO,1275065-OBRAEDIFICIOCUMBRESRETIRO
1279584,"SIKABOND MONTAJE 3,8 KG BALDES",BAJO NIVEL CRITICO Y PARA MÁS DE DOS SEMANAS,16.0,2.0,1.0,48.57,48.57,46.77,12 MESES,OBRAEDIFICIOCUMBRESRETIRO,1279584-OBRAEDIFICIOCUMBRESRETIRO
1288093,MOLDURA XPS 33X32 E6 1 ML,SOBRE NIVEL CRÍTICO Y PARA MÁS DE DOS SEMANAS,1026.25,2.0,1.0,1148.0,1100.0,1100.0,,OBRAEDIFICIOCUMBRESRETIRO,1288093-OBRAEDIFICIOCUMBRESRETIRO
1288739,SIKA WALL 120 ENLUCIDO 25 KG 1 SACO,SOBRE NIVEL CRÍTICO Y PARA MÁS DE DOS SEMANAS,96.0,2.0,1.0,90.99,201.0,201.0,6 MESES,OBRAEDIFICIOCUMBRESRETIRO,1288739-OBRAEDIFICIOCUMBRESRETIRO
1290581,ESTANQUE LUGANO 1 UN,SOBRE NIVEL CRÍTICO Y PARA MÁS DE DOS SEMANAS,25.0,2.0,1.0,24.0,24.0,24.0,,OBRAEDIFICIOCUMBRESRETIRO,1290581-OBRAEDIFICIOCUMBRESRETIRO
1290599,WC LUGANO DESC. MURO 1 UN,BAJO NIVEL CRITICO Y PARA MÁS DE DOS SEMANAS,24.0,2.0,1.0,24.0,24.0,24.0,,OBRAEDIFICIOCUMBRESRETIRO,1290599-OBRAEDIFICIOCUMBRESRETIRO
1291188,EXTRACTOR RETON 100 BTH HIGRO 1 UN,BAJO NIVEL CRITICO Y PARA MENOS DE DOS SEMANAS,5.0,1.0,1.0,40.0,40.0,40.0,,OBRAEDIFICIOCUMBRESRETIRO,1291188-OBRAEDIFICIOCUMBRESRETIRO
1295322,"CERAMICA CUOMO BLANCO 45,3 X 45,3 CM",SOBRE NIVEL CRÍTICO Y PARA MÁS DE DOS SEMANAS,389.04,2.0,1.0,212.16,212.16,212.16,,OBRAEDIFICIOCUMBRESRETIRO,1295322-OBRAEDIFICIOCUMBRESRETIRO
1295381,CERAMICA NEW BLANCA BRILLANTE 20 X 30 CORDILLERA 1 M2,SOBRE NIVEL CRÍTICO Y PARA MÁS DE DOS SEMANAS,82.82,2.0,1.0,93.6,93.6,93.6,,OBRAEDIFICIOCUMBRESRETIRO,1295381-OBRAEDIFICIOCUMBRESRETIRO
1295453,LATEX CIELOLAT BLANCO 1 TIN,CERCA DE NIVEL CRITICO Y PARA MÁS DE DOS SEMANAS,23.0,2.0,1.0,19.13,19.13,19.13,12 MESES,OBRAEDIFICIOCUMBRESRETIRO,1295453-OBRAEDIFICIOCUMBRESRETIRO
1295488,LATEX CIELOLAT MARFIL 1 TIN,SOBRE NIVEL CRÍTICO Y PARA MÁS DE DOS SEMANAS,51.0,2.0,2.0,36.27,36.0,36.0,12 MESES,OBRAEDIFICIOCUMBRESRETIRO,1295488-OBRAEDIFICIOCUMBRESRETIRO
1299451,PASTA MURO CI-2005 24 KG 1 TIN,BAJO NIVEL CRITICO Y PARA MÁS DE DOS SEMANAS,32.0,2.0,2.0,26.91,26.91,26.91,12 MESES,OBRAEDIFICIOCUMBRESRETIRO,1299451-OBRAEDIFICIOCUMBRESRETIRO
1177641,ADHESIVO CERAMICO POLVO ULTRA 25 KG 1 SACO,SOBRE NIVEL CRÍTICO Y PARA MENOS DE DOS SEMANAS,31.0,7.0,7.0,264.33,252.0,252.0,6 MESES,OBRAHUERTOSDEKENNEDY,1177641-OBRAHUERTOSDEKENNEDY
1177650,SILICONA SIKACRYL AS BLANCO P,BAJO NIVEL CRITICO Y PARA MÁS DE DOS SEMANAS,57.0,4.0,4.0,144.01,144.0,144.0,24 MESES,OBRAHUERTOSDEKENNEDY,1177650-OBRAHUERTOSDEKENNEDY
1177879,DESAGUE TINA/REBALSE/SIFON 1 UN,SOBRE NIVEL CRÍTICO Y PARA MÁS DE DOS SEMANAS,64.0,8.0,6.0,16.0,32.0,32.0,,OBRAHUERTOSDEKENNEDY,1177879-OBRAHUERTOSDEKENNEDY
1177895,ANTICORROSIVO NEGRO 1 GAL,SOBRE NIVEL CRÍTICO Y PARA MÁS DE DOS SEMANAS,13.0,9.0,7.0,5.94,5.94,5.94,12 MESES,OBRAHUERTOSDEKENNEDY,1177895-OBRAHUERTOSDEKENNEDY
1178193,"BROCHA 2"" 1 UN",SOBRE NIVEL CRÍTICO Y PARA MÁS DE DOS SEMANAS,63.0,6.0,6.0,48.0,47.4,47.4,,OBRAHUERTOSDEKENNEDY,1178193-OBRAHUERTOSDEKENNEDY
1178257,CELOSIA 30 X 30 BLANCA 1 UN,SOBRE NIVEL CRÍTICO Y PARA MÁS DE DOS SEMANAS,204.0,9.0,6.0,48.0,66.0,66.0,,OBRAHUERTOSDEKENNEDY,1178257-OBRAHUERTOSDEKENNEDY
1178839,"PINO 2"" X 10"" X 3,20 MT",BAJO NIVEL CRITICO Y PARA MÁS DE DOS SEMANAS,43.0,6.0,6.0,64.0,15.0,15.0,,OBRAHUERTOSDEKENNEDY,1178839-OBRAHUERTOSDEKENNEDY
1179348,"MEDIDOR AGUA POTABLE 1"" 1 UN",BAJO NIVEL CRITICO Y PARA MENOS DE DOS SEMANAS,1.0,6.0,5.0,26.0,19.0,19.0,12 MESES,OBRAHUERTOSDEKENNEDY,1179348-OBRAHUERTOSDEKENNEDY
1179508,"BROCHA 4"" 1 UN",SOBRE NIVEL CRÍTICO Y PARA MÁS DE DOS SEMANAS,81.0,6.0,6.0,52.0,51.58,51.58,,OBRAHUERTOSDEKENNEDY,1179508-OBRAHUERTOSDEKENNEDY
1179524,FRAGUE CERAMICO BLANCO 1 KG,SOBRE NIVEL CRÍTICO Y PARA MÁS DE DOS SEMANAS,257.0,7.0,7.0,148.75,149.0,144.0,12 MESES,OBRAHUERTOSDEKENNEDY,1179524-OBRAHUERTOSDEKENNEDY
1179698,"PLANCHA YESO-CARTON ST 10 MM 1 ,20 X 2,40 1 PLANCHA",SOBRE NIVEL CRÍTICO Y PARA MENOS DE DOS SEMANAS,184.0,7.0,7.0,1170.01,1120.0,1120.0,,OBRAHUERTOSDEKENNEDY,1179698-OBRAHUERTOSDEKENNEDY
1180331,"TINA 1,20 X 0,70 MTS BLANCA ES MALTADA 1 UN",BAJO NIVEL CRITICO Y PARA MÁS DE DOS SEMANAS,18.0,7.0,6.0,16.0,16.0,16.0,,OBRAHUERTOSDEKENNEDY,1180331-OBRAHUERTOSDEKENNEDY
1181421,LANA DE VIDRIO 50 MM 1 M2,SOBRE NIVEL CRÍTICO Y PARA MÁS DE DOS SEMANAS,192.0,6.0,6.0,324.16,336.0,336.0,,OBRAHUERTOSDEKENNEDY,1181421-OBRAHUERTOSDEKENNEDY
1181579,ANTICORROSIVO ROJO 1 GAL,SOBRE NIVEL CRÍTICO Y PARA MÁS DE DOS SEMANAS,12.0,6.0,6.0,16.0,0.48,0.48,12 MESES,OBRAHUERTOSDEKENNEDY,1181579-OBRAHUERTOSDEKENNEDY
1182758,"PLANCHA YESO-CARTON RH 12,5 MM 1,20 X 2,40 1 PLANCHA",BAJO NIVEL CRITICO Y PARA MÁS DE DOS SEMANAS,63.79,7.0,7.0,217.92,208.0,208.0,,OBRAHUERTOSDEKENNEDY,1182758-OBRAHUERTOSDEKENNEDY
1182803,"MEDIDOR AGUA POTABLE 3/4"" 1 U N",BAJO NIVEL CRITICOY SIN ENTREGA LOS ÚLTIMOS 90 DÍAS,20.0,6.0,3.0,15.0,15.0,15.0,12 MESES,OBRAHUERTOSDEKENNEDY,1182803-OBRAHUERTOSDEKENNEDY
1182889,LANA DE VIDRIO 100 MM 1 M2,SOBRE NIVEL CRÍTICO Y PARA MÁS DE DOS SEMANAS,409.5,7.0,7.0,972.0,972.0,972.0,,OBRAHUERTOSDEKENNEDY,1182889-OBRAHUERTOSDEKENNEDY
1183136,PAPEL FIELTRO 10/40 1 ROLLO,SOBRE NIVEL CRÍTICO Y PARA MÁS DE DOS SEMANAS,126.99,8.0,8.0,59.71,59.23,59.23,,OBRAHUERTOSDEKENNEDY,1183136-OBRAHUERTOSDEKENNEDY
1184083,CERRADURA REJA SOBREPONER 2985 CI-30 POLI  1 UN,SOBRE NIVEL CRÍTICO Y PARA MÁS DE DOS SEMANAS,44.0,6.0,4.0,16.0,16.0,16.0,,OBRAHUERTOSDEKENNEDY,1184083-OBRAHUERTOSDEKENNEDY
1187241,REGULADOR P/GAS 45KG RI 11100 1 UN,BAJO NIVEL CRITICO Y PARA MÁS DE DOS SEMANAS,70.0,8.0,5.0,26.0,44.0,25.0,,OBRAHUERTOSDEKENNEDY,1187241-OBRAHUERTOSDEKENNEDY
1187671,"TAPACAN SMARTSIDE TRIM 5 1/2"" LP 1 UN",BAJO NIVEL CRITICOY SIN ENTREGA LOS ÚLTIMOS 90 DÍAS,51.0,6.0,6.0,64.0,57.0,57.0,,OBRAHUERTOSDEKENNEDY,1187671-OBRAHUERTOSDEKENNEDY
1187751,"TAPACAN SMARTSIDE TRIM 7 1/4"" LP 1 UN",SOBRE NIVEL CRÍTICO Y PARA MÁS DE DOS SEMANAS,134.0,7.0,7.0,198.0,198.0,198.0,,OBRAHUERTOSDEKENNEDY,1187751-OBRAHUERTOSDEKENNEDY
1188105,PLANCHA FIBROCEMENTO 4 MM VOLCAN 1 P LANCHA,SOBRE NIVEL CRÍTICO Y PARA MÁS DE DOS SEMANAS,121.5,7.0,7.0,166.5,165.21,165.21,,OBRAHUERTOSDEKENNEDY,1188105-OBRAHUERTOSDEKENNEDY
1188447,TERCIADO ESTRUCTURAL 15 MM 1 PLANCHA,BAJO NIVEL CRITICO Y PARA MÁS DE DOS SEMANAS,20.0,7.0,7.0,45.0,45.0,45.0,,OBRAHUERTOSDEKENNEDY,1188447-OBRAHUERTOSDEKENNEDY
1188463,TERCIADO ESTRUCTURAL 12 MM 1 PLANCHA,BAJO NIVEL CRITICO Y PARA MÁS DE DOS SEMANAS,9.0,6.0,6.0,16.0,16.0,16.0,,OBRAHUERTOSDEKENNEDY,1188463-OBRAHUERTOSDEKENNEDY
1188471,"PUERTA TERCIADO 0,75 X 2 MTS. EXT. C/C 1 UN",BAJO NIVEL CRITICO Y PARA MÁS DE DOS SEMANAS,16.0,6.0,6.0,16.0,16.0,16.0,,OBRAHUERTOSDEKENNEDY,1188471-OBRAHUERTOSDEKENNEDY
1189722,CELOSIA 20 X 20 BLANCA 1 UN,BAJO NIVEL CRITICOY SIN ENTREGA LOS ÚLTIMOS 90 DÍAS,8.0,6.0,6.0,16.0,20.0,20.0,,OBRAHUERTOSDEKENNEDY,1189722-OBRAHUERTOSDEKENNEDY
1190969,"PUERTA TERCIADO 0,70 X 2,00 CO N PE C/C 1 UN",BAJO NIVEL CRITICO Y PARA MÁS DE DOS SEMANAS,18.0,7.0,4.0,16.0,16.0,16.0,,OBRAHUERTOSDEKENNEDY,1190969-OBRAHUERTOSDEKENNEDY
1191216,ALGIFOL FIBROCEMENTO CAOBA 1 TIN,BAJO NIVEL CRITICO Y PARA MÁS DE DOS SEMANAS,0.9,7.0,7.0,7.2,7.0,7.0,12 MESES,OBRAHUERTOSDEKENNEDY,1191216-OBRAHUERTOSDEKENNEDY
1191321,ALGIFOL FIBROCEMENTO CASTANO 1 TIN,BAJO NIVEL CRITICO Y PARA MÁS DE DOS SEMANAS,3.0,7.0,7.0,7.2,7.0,7.0,12 MESES,OBRAHUERTOSDEKENNEDY,1191321-OBRAHUERTOSDEKENNEDY
1191451,PINTURA HOJALATERIA CAOBA ACRIZINC 1 GAL,BAJO NIVEL CRITICO Y PARA MÁS DE DOS SEMANAS,1.0,5.0,4.0,16.0,13.0,13.0,24 MESES,OBRAHUERTOSDEKENNEDY,1191451-OBRAHUERTOSDEKENNEDY
1191460,PINTURA HOJALATERIA CASTAÑO ACRIZINC 1 GAL,BAJO NIVEL CRITICO Y PARA MÁS DE DOS SEMANAS,1.0,5.0,4.0,16.0,5.0,5.0,24 MESES,OBRAHUERTOSDEKENNEDY,1191460-OBRAHUERTOSDEKENNEDY
1191662,PEDESTAL UNIVERSAL 1 UN,BAJO NIVEL CRITICO Y PARA MÁS DE DOS SEMANAS,27.0,6.0,5.0,26.0,26.0,26.0,,OBRAHUERTOSDEKENNEDY,1191662-OBRAHUERTOSDEKENNEDY
1191718,MUEBLE VANITORIO 1 UN,BAJO NIVEL CRITICOY SIN ENTREGA LOS ÚLTIMOS 90 DÍAS,1.0,4.0,4.0,16.0,16.0,16.0,,OBRAHUERTOSDEKENNEDY,1191718-OBRAHUERTOSDEKENNEDY
1191945,CAVE TECNOBOND 20 KG,BAJO NIVEL CRITICO Y PARA MÁS DE DOS SEMANAS,5.0,7.0,7.0,5.58,6.0,6.0,18 MESES,OBRAHUERTOSDEKENNEDY,1191945-OBRAHUERTOSDEKENNEDY
1192112,"PUERTA HDF PRESTIGE 0,65 X 2 M T INTERIOR 1 UN",BAJO NIVEL CRITICO Y PARA MENOS DE DOS SEMANAS,0.0,6.0,6.0,16.0,16.0,16.0,,OBRAHUERTOSDEKENNEDY,1192112-OBRAHUERTOSDEKENNEDY
1192121,"PUERTA HDF PRESTIGE 0,70 X 2 M T INTERIOR 1 UN",BAJO NIVEL CRITICO Y PARA MÁS DE DOS SEMANAS,14.0,6.0,6.0,32.0,64.0,64.0,,OBRAHUERTOSDEKENNEDY,1192121-OBRAHUERTOSDEKENNEDY
1192139,"PUERTA HDF PRESTIGE 0,75 X 2 M T INTERIOR 1 UN",BAJO NIVEL CRITICOY SIN ENTREGA LOS ÚLTIMOS 90 DÍAS,0.0,4.0,4.0,16.0,16.0,16.0,,OBRAHUERTOSDEKENNEDY,1192139-OBRAHUERTOSDEKENNEDY
1192147,"BISAGRA 3"" X 3"" CROMO SATIN 1 UN",SOBRE NIVEL CRÍTICO Y PARA MÁS DE DOS SEMANAS,732.0,8.0,7.0,432.0,432.0,432.0,,OBRAHUERTOSDEKENNEDY,1192147-OBRAHUERTOSDEKENNEDY
1192155,"BISAGRA 3 1/2"" X 3 1/2"" CROMO SATIN 1 UN",SOBRE NIVEL CRÍTICOY SIN ENTREGA LOS ÚLTIMOS 90 DÍAS,113.0,8.0,4.0,48.0,57.0,57.0,,OBRAHUERTOSDEKENNEDY,1192155-OBRAHUERTOSDEKENNEDY
1192956,MASTERSEAL 550 30 KG 1 JUEGO,BAJO NIVEL CRITICO Y PARA MÁS DE DOS SEMANAS,10.0,9.0,9.0,3.6,6.0,6.0,24 MESES,OBRAHUERTOSDEKENNEDY,1192956-OBRAHUERTOSDEKENNEDY
1193131,CERROJO INOX LLAVE SCANAVINI 1 UN,SOBRE NIVEL CRÍTICO Y PARA MÁS DE DOS SEMANAS,33.0,6.0,5.0,52.0,52.0,52.0,,OBRAHUERTOSDEKENNEDY,1193131-OBRAHUERTOSDEKENNEDY
1193713,"PINO 2"" X 2"" X 3,20 MT IMPREGN ADO",SOBRE NIVEL CRÍTICO Y PARA MÁS DE DOS SEMANAS,1992.0,8.0,7.0,1818.0,1818.0,1818.0,,OBRAHUERTOSDEKENNEDY,1193713-OBRAHUERTOSDEKENNEDY
1194281,"LAVAPLATO EMPOTRAR INOX 0,80 M T CON REBALSE MONOMANDO DER 1",BAJO NIVEL CRITICOY SIN ENTREGA LOS ÚLTIMOS 90 DÍAS,14.0,4.0,3.0,7.5,3.0,3.0,,OBRAHUERTOSDEKENNEDY,1194281-OBRAHUERTOSDEKENNEDY
1194290,"LAVAPLATO EMPOTRAR INOX 0,80 M T CON REBALSE MONOMANDO IZQ 1",BAJO NIVEL CRITICOY SIN ENTREGA LOS ÚLTIMOS 90 DÍAS,0.0,5.0,3.0,7.5,15.0,15.0,,OBRAHUERTOSDEKENNEDY,1194290-OBRAHUERTOSDEKENNEDY
1194652,PINTURA HOJALATERIA NEGRO ACRIZINC 1 GAL,BAJO NIVEL CRITICO Y PARA MÁS DE DOS SEMANAS,7.0,8.0,6.0,8.0,8.0,8.0,24 MESES,OBRAHUERTOSDEKENNEDY,1194652-OBRAHUERTOSDEKENNEDY
1196455,SILICONA SANISIL BLCO 1 UN,BAJO NIVEL CRITICO Y PARA MÁS DE DOS SEMANAS,32.0,5.0,5.0,36.4,36.0,36.0,24 MESES,OBRAHUERTOSDEKENNEDY,1196455-OBRAHUERTOSDEKENNEDY
1198151,VENTANA TECHO 55 X 78 CM 1 UN,BAJO NIVEL CRITICO Y PARA MENOS DE DOS SEMANAS,0.0,6.0,6.0,16.0,16.0,16.0,,OBRAHUERTOSDEKENNEDY,1198151-OBRAHUERTOSDEKENNEDY
1198725,CERCO VENTANA TECHO LISO 55 X 78 1 UN,BAJO NIVEL CRITICO Y PARA MENOS DE DOS SEMANAS,0.0,6.0,6.0,16.0,16.0,16.0,,OBRAHUERTOSDEKENNEDY,1198725-OBRAHUERTOSDEKENNEDY
1201470,PEGAMENTO ALFOMBRA PATEL,BAJO NIVEL CRITICO Y PARA MÁS DE DOS SEMANAS,18.0,6.0,5.0,21.37,24.0,24.0,24 MESES,OBRAHUERTOSDEKENNEDY,1201470-OBRAHUERTOSDEKENNEDY
1204232,"TINA 1,60 X 0,70 MTS BLANCA ES MALTADA 1 UN",BAJO NIVEL CRITICOY SIN ENTREGA LOS ÚLTIMOS 90 DÍAS,18.0,7.0,4.0,16.0,16.0,16.0,,OBRAHUERTOSDEKENNEDY,1204232-OBRAHUERTOSDEKENNEDY
1208161,CALEFON SPLENDID 13 LTS T/F C/ KIT DE INST CON FLEXIBLES,SOBRE NIVEL CRÍTICO Y PARA MÁS DE DOS SEMANAS,24.0,4.0,4.0,16.0,16.0,16.0,,OBRAHUERTOSDEKENNEDY,1208161-OBRAHUERTOSDEKENNEDY
1251688,CERRADURA ACC LLAVE ANDESLOCK CILINDRICA INOX 1 UN,BAJO NIVEL CRITICO Y PARA MÁS DE DOS SEMANAS,11.0,6.0,5.0,26.0,26.0,26.0,,OBRAHUERTOSDEKENNEDY,1251688-OBRAHUERTOSDEKENNEDY
1251696,CERRADURA BA?O ANDESLOCK CILINDRICA INOX 1 UN,BAJO NIVEL CRITICO Y PARA MÁS DE DOS SEMANAS,8.0,6.0,5.0,26.0,52.0,52.0,,OBRAHUERTOSDEKENNEDY,1251696-OBRAHUERTOSDEKENNEDY
1251709,CERRADURA SIMPLE PASO ANDESLOC CILINDRICA INOX 1 UN,SOBRE NIVEL CRÍTICO Y PARA MÁS DE DOS SEMANAS,31.0,6.0,5.0,52.0,52.0,52.0,,OBRAHUERTOSDEKENNEDY,1251709-OBRAHUERTOSDEKENNEDY
1251725,CERRADURA DORMITORIO - OFICINA ANDESLOCK CILINDRICA INOX AA40-AI 1 UN,CERCA DE NIVEL CRITICO Y PARA MÁS DE DOS SEMANAS,25.0,6.0,5.0,26.0,52.0,52.0,,OBRAHUERTOSDEKENNEDY,1251725-OBRAHUERTOSDEKENNEDY
1254361,TERMOPLAC STRATO 1 SACO,BAJO NIVEL CRITICO Y PARA MÁS DE DOS SEMANAS,44.0,7.0,6.0,50.62,75.27,59.27,6 MESES,OBRAHUERTOSDEKENNEDY,1254361-OBRAHUERTOSDEKENNEDY
1256198,"DESAGUE LAVATORIO 1 1/4"" C/REB /REJ 1 UN",SOBRE NIVEL CRÍTICOY SIN ENTREGA LOS ÚLTIMOS 90 DÍAS,71.0,8.0,4.0,16.0,16.0,16.0,,OBRAHUERTOSDEKENNEDY,1256198-OBRAHUERTOSDEKENNEDY
1256340,FRAGUE CERAMICO CAPRI 1 KG,SOBRE NIVEL CRÍTICO Y PARA MÁS DE DOS SEMANAS,205.0,6.0,6.0,208.52,220.0,220.0,12 MESES,OBRAHUERTOSDEKENNEDY,1256340-OBRAHUERTOSDEKENNEDY
1256817,"TINA BAÑO 1,3X0,7 BLANCA 1UN",BAJO NIVEL CRITICO Y PARA MENOS DE DOS SEMANAS,0.0,6.0,6.0,16.0,16.0,16.0,,OBRAHUERTOSDEKENNEDY,1256817-OBRAHUERTOSDEKENNEDY
1257570,ALFOMBRA STONE BEIGE 600 1 M2,SOBRE NIVEL CRÍTICO Y PARA MÁS DE DOS SEMANAS,959.4,6.0,5.0,1349.24,1538.3,1527.5,,OBRAHUERTOSDEKENNEDY,1257570-OBRAHUERTOSDEKENNEDY
1260955,"PUERTA HDF EXTERIOR PRESTIGE PROTEGIDA 0,80 X 2,00 MT 1 UN",BAJO NIVEL CRITICO Y PARA MÁS DE DOS SEMANAS,6.0,6.0,6.0,16.0,16.0,16.0,,OBRAHUERTOSDEKENNEDY,1260955-OBRAHUERTOSDEKENNEDY
1267250,"VOLCAPOL ST 50 MM 1,20 X 2,40 1 PLANCHA",BAJO NIVEL CRITICO Y PARA MENOS DE DOS SEMANAS,30.0,7.0,7.0,355.81,334.73,334.73,,OBRAHUERTOSDEKENNEDY,1267250-OBRAHUERTOSDEKENNEDY
1268615,YESO EXPRESS 25 KG,BAJO NIVEL CRITICO Y PARA MÁS DE DOS SEMANAS,74.0,7.0,7.0,119.32,120.0,120.0,6 MESES,OBRAHUERTOSDEKENNEDY,1268615-OBRAHUERTOSDEKENNEDY
1268623,MASILLA BASE JUNTA PRO 25 KG,SOBRE NIVEL CRÍTICO Y PARA MÁS DE DOS SEMANAS,73.0,8.0,7.0,58.82,58.82,58.82,6 MESES,OBRAHUERTOSDEKENNEDY,1268623-OBRAHUERTOSDEKENNEDY
1269802,CEMENTO AR PUZOLANICO BIO BIO 1 KG,SOBRE NIVEL CRÍTICO Y PARA MÁS DE DOS SEMANAS,1825.0,9.0,9.0,7780.07,3600.0,3600.0,3 MESES,OBRAHUERTOSDEKENNEDY,1269802-OBRAHUERTOSDEKENNEDY
1269909,ADHESIVO AC EN PASTA 25 KG,SOBRE NIVEL CRÍTICO Y PARA MÁS DE DOS SEMANAS,118.0,7.0,6.0,25.24,32.0,32.0,6 MESES,OBRAHUERTOSDEKENNEDY,1269909-OBRAHUERTOSDEKENNEDY
1270432,MARMOLINA BEIGE (25 KG) 1 TINETA,BAJO NIVEL CRITICO Y PARA MÁS DE DOS SEMANAS,21.0,6.0,6.0,21.38,25.0,0.0,12 MESES,OBRAHUERTOSDEKENNEDY,1270432-OBRAHUERTOSDEKENNEDY
1270441,MARMOLINA MOSTAZA (25 KG) 1 TINETA,BAJO NIVEL CRITICO Y PARA MÁS DE DOS SEMANAS,8.0,6.0,6.0,22.2,16.52,0.0,12 MESES,OBRAHUERTOSDEKENNEDY,1270441-OBRAHUERTOSDEKENNEDY
1270459,MARMOLINA GRIS ARENA (25 KG) 1 TINETA,BAJO NIVEL CRITICOY SIN ENTREGA LOS ÚLTIMOS 90 DÍAS,26.0,6.0,6.0,21.38,25.0,0.0,12 MESES,OBRAHUERTOSDEKENNEDY,1270459-OBRAHUERTOSDEKENNEDY
1270521,LOSATEX (25 KG) 1 TINETA,BAJO NIVEL CRITICO Y PARA MÁS DE DOS SEMANAS,16.0,7.0,7.0,13.5,13.55,13.55,12 MESES,OBRAHUERTOSDEKENNEDY,1270521-OBRAHUERTOSDEKENNEDY
1272251,ESMALTE TRIPLE ACCION 1 GALON,BAJO NIVEL CRITICO Y PARA MÁS DE DOS SEMANAS,9.0,6.0,5.0,26.0,1.82,1.82,12 MESES,OBRAHUERTOSDEKENNEDY,1272251-OBRAHUERTOSDEKENNEDY
1274206,"VOLCAPOL RH 52,5 MM 1,20 X 2,4",BAJO NIVEL CRITICO Y PARA MENOS DE DOS SEMANAS,8.0,7.0,7.0,72.0,72.0,72.0,,OBRAHUERTOSDEKENNEDY,1274206-OBRAHUERTOSDEKENNEDY
1274783,"SIDING 0.19 X 6 MM X 3,66 MTS",SOBRE NIVEL CRÍTICO Y PARA MÁS DE DOS SEMANAS,716.0,7.0,7.0,1997.78,1800.0,1800.0,,OBRAHUERTOSDEKENNEDY,1274783-OBRAHUERTOSDEKENNEDY
1274821,MASTERWALL BEIGE (IC) 23 KG 1 TINETA,BAJO NIVEL CRITICOY SIN ENTREGA LOS ÚLTIMOS 90 DÍAS,7.0,4.0,3.0,10.0,10.0,10.0,12 MESES,OBRAHUERTOSDEKENNEDY,1274821-OBRAHUERTOSDEKENNEDY
1274839,MASTERWALL GRIS ARENA(SR) 23KG 1 TINETA,BAJO NIVEL CRITICOY SIN ENTREGA LOS ÚLTIMOS 90 DÍAS,7.0,4.0,3.0,10.0,10.0,10.0,12 MESES,OBRAHUERTOSDEKENNEDY,1274839-OBRAHUERTOSDEKENNEDY
1274847,MASTERWALL MOSTAZA (GS) 23 KG 1 TINETA,BAJO NIVEL CRITICOY SIN ENTREGA LOS ÚLTIMOS 90 DÍAS,8.0,4.0,4.0,14.37,9.0,9.0,12 MESES,OBRAHUERTOSDEKENNEDY,1274847-OBRAHUERTOSDEKENNEDY
1275065,"VENTILACION PASIVA 4"" 1 UN",SOBRE NIVEL CRÍTICO Y PARA MÁS DE DOS SEMANAS,198.0,8.0,6.0,80.0,80.0,80.0,,OBRAHUERTOSDEKENNEDY,1275065-OBRAHUERTOSDEKENNEDY
1275920,PINTURA ESMALTE AL AGUABLANCO INVIERNO CP-70  1 TIN,BAJO NIVEL CRITICO Y PARA MÁS DE DOS SEMANAS,21.03,6.0,5.0,3.12,3.08,3.08,12 MESES,OBRAHUERTOSDEKENNEDY,1275920-OBRAHUERTOSDEKENNEDY
1275938,PINTURA ESMALTE AL AGUABLANCO HUESO CP-70  1 TIN,BAJO NIVEL CRITICOY SIN ENTREGA LOS ÚLTIMOS 90 DÍAS,8.0,6.0,3.0,7.5,8.0,8.0,12 MESES,OBRAHUERTOSDEKENNEDY,1275938-OBRAHUERTOSDEKENNEDY
1275946,OLEO OPACO BLANCO INVIERNO 1 GAL,BAJO NIVEL CRITICO Y PARA MÁS DE DOS SEMANAS,51.0,4.0,3.0,24.75,43.0,43.0,12 MESES,OBRAHUERTOSDEKENNEDY,1275946-OBRAHUERTOSDEKENNEDY
1277466,VOLCAFIX ADHESIVO VOLCAPOL 25 KG,CERCA DE NIVEL CRITICO Y PARA MÁS DE DOS SEMANAS,98.0,8.0,7.0,108.0,120.0,120.0,6 MESES,OBRAHUERTOSDEKENNEDY,1277466-OBRAHUERTOSDEKENNEDY
1278303,ESTANQUE Y WC ARES 1 UNI,BAJO NIVEL CRITICO Y PARA MÁS DE DOS SEMANAS,12.0,6.0,5.0,26.0,26.0,26.0,,OBRAHUERTOSDEKENNEDY,1278303-OBRAHUERTOSDEKENNEDY
1278928,POLIESTIRENO EXP. 30 MM (20KG/ M3) 1 PLANCHA,SOBRE NIVEL CRÍTICO Y PARA MÁS DE DOS SEMANAS,88.0,8.0,8.0,210.0,220.0,220.0,,OBRAHUERTOSDEKENNEDY,1278928-OBRAHUERTOSDEKENNEDY
1278936,POLIESTIRENO EXP. 60 MM (20KG/ M3) 1 PLANCHA,SOBRE NIVEL CRÍTICO Y PARA MÁS DE DOS SEMANAS,134.0,8.0,6.0,192.0,198.0,198.0,,OBRAHUERTOSDEKENNEDY,1278936-OBRAHUERTOSDEKENNEDY
1279357,LAVAMANOS CABURGA 1 UN,BAJO NIVEL CRITICO Y PARA MÁS DE DOS SEMANAS,1.0,4.0,4.0,48.0,16.0,16.0,,OBRAHUERTOSDEKENNEDY,1279357-OBRAHUERTOSDEKENNEDY
1279584,"SIKABOND MONTAJE 3,8 KG BALDES",BAJO NIVEL CRITICO Y PARA MÁS DE DOS SEMANAS,24.0,6.0,6.0,24.0,54.0,54.0,12 MESES,OBRAHUERTOSDEKENNEDY,1279584-OBRAHUERTOSDEKENNEDY
1280551,"PUERTA TOSCANA ESTILO RUSTICO 0,85 X 2,00 MT 1 UN",BAJO NIVEL CRITICOY SIN ENTREGA LOS ÚLTIMOS 90 DÍAS,20.0,7.0,4.0,16.0,19.0,19.0,,OBRAHUERTOSDEKENNEDY,1280551-OBRAHUERTOSDEKENNEDY
1283090,ALGIFOL MADERVET CAOBA 1 TIN,BAJO NIVEL CRITICOY SIN ENTREGA LOS ÚLTIMOS 90 DÍAS,0.0,3.0,3.0,1.5,1.0,1.0,12 MESES,OBRAHUERTOSDEKENNEDY,1283090-OBRAHUERTOSDEKENNEDY
1283102,ALGIFOL MADERVET CASTANO 1 TIN,BAJO NIVEL CRITICOY SIN ENTREGA LOS ÚLTIMOS 90 DÍAS,0.0,3.0,3.0,1.5,1.0,1.0,12 MESES,OBRAHUERTOSDEKENNEDY,1283102-OBRAHUERTOSDEKENNEDY
1285634,CERAMICA PLAINE CUERO 45 X 45,SOBRE NIVEL CRÍTICO Y PARA MÁS DE DOS SEMANAS,385.82,7.0,7.0,925.16,925.6,925.16,,OBRAHUERTOSDEKENNEDY,1285634-OBRAHUERTOSDEKENNEDY
1288093,MOLDURA XPS 33X32 E6 1 ML,SOBRE NIVEL CRÍTICO Y PARA MÁS DE DOS SEMANAS,1128.0,6.0,6.0,1760.0,1956.0,1956.0,,OBRAHUERTOSDEKENNEDY,1288093-OBRAHUERTOSDEKENNEDY
1289483,MONOMANDO LAVATORIO AREZZO 1 UN,BAJO NIVEL CRITICO Y PARA MÁS DE DOS SEMANAS,30.0,4.0,3.0,45.0,90.0,90.0,,OBRAHUERTOSDEKENNEDY,1289483-OBRAHUERTOSDEKENNEDY
1289491,MONOMANDO TINA-DUCHA AREZZO 1 UN,BAJO NIVEL CRITICOY SIN ENTREGA LOS ÚLTIMOS 90 DÍAS,32.0,4.0,3.0,30.0,46.0,46.0,,OBRAHUERTOSDEKENNEDY,1289491-OBRAHUERTOSDEKENNEDY
1289512,MONOMANDO LAVAPLATOS AREZZO,BAJO NIVEL CRITICO Y PARA MÁS DE DOS SEMANAS,13.0,4.0,3.0,15.0,30.0,30.0,,OBRAHUERTOSDEKENNEDY,1289512-OBRAHUERTOSDEKENNEDY
1291188,EXTRACTOR RETON 100 BTH HIGRO 1 UN,SOBRE NIVEL CRÍTICO Y PARA MÁS DE DOS SEMANAS,109.0,7.0,5.0,78.0,80.0,80.0,,OBRAHUERTOSDEKENNEDY,1291188-OBRAHUERTOSDEKENNEDY
1291532,TEJA ASFALTICA SUPREME ONIX BL ACK M2,SOBRE NIVEL CRÍTICO Y PARA MÁS DE DOS SEMANAS,1429.64,8.0,8.0,1345.4,1246.12,1246.12,,OBRAHUERTOSDEKENNEDY,1291532-OBRAHUERTOSDEKENNEDY
1295373,CERAMICA NEW BLANCA BRILL 25 X 40 1 M2,SOBRE NIVEL CRÍTICOY SIN ENTREGA LOS ÚLTIMOS 90 DÍAS,390.0,7.0,,,,,,OBRAHUERTOSDEKENNEDY,1295373-OBRAHUERTOSDEKENNEDY
1295381,CERAMICA BLANCO BRILLANTE 20 X 30 1 M2,SOBRE NIVEL CRÍTICO Y PARA MÁS DE DOS SEMANAS,220.5,6.0,5.0,269.17,40.5,40.5,,OBRAHUERTOSDEKENNEDY,1295381-OBRAHUERTOSDEKENNEDY
1295461,LATEX CIELOLAT BLANCO HUESO 1T,SOBRE NIVEL CRÍTICO Y PARA MÁS DE DOS SEMANAS,115.0,6.0,5.0,81.9,81.9,81.9,12 MESES,OBRAHUERTOSDEKENNEDY,1295461-OBRAHUERTOSDEKENNEDY
1295470,LATEX CIELOLAT BLANCO INVIERNO 1T,BAJO NIVEL CRITICO Y PARA MÁS DE DOS SEMANAS,36.0,6.0,6.0,35.46,35.38,35.38,12 MESES,OBRAHUERTOSDEKENNEDY,1295470-OBRAHUERTOSDEKENNEDY
1299451,PASTA MURO CI-2005 24 KG 1 TIN,BAJO NIVEL CRITICO Y PARA MÁS DE DOS SEMANAS,40.0,7.0,7.0,22.5,22.0,22.0,12 MESES,OBRAHUERTOSDEKENNEDY,1299451-OBRAHUERTOSDEKENNEDY
41020178,"PLANCHA OSB 11,1 MM X 2,44 X 1,22 MTS ULTU 1 UN",SOBRE NIVEL CRÍTICOY SIN ENTREGA LOS ÚLTIMOS 90 DÍAS,648.0,8.0,,,,,,OBRAHUERTOSDEKENNEDY,41020178-OBRAHUERTOSDEKENNEDY
1177641,ADHESIVO CERAMICO POLVO ULTRA 25 KG 1 SACO,BAJO NIVEL CRITICO Y PARA MENOS DE DOS SEMANAS,0.0,11.0,11.0,72.6,189.0,189.0,6 MESES,OBRALRTALCA,1177641-OBRALRTALCA
1177650,SILICONA SIKACRYL AS BLANCO P,BAJO NIVEL CRITICO Y PARA MENOS DE DOS SEMANAS,1.0,10.0,10.0,100.0,250.0,250.0,24 MESES,OBRALRTALCA,1177650-OBRALRTALCA
1177879,DESAGUE TINA/REBALSE/SIFON 1 UN,BAJO NIVEL CRITICO Y PARA MÁS DE DOS SEMANAS,21.0,9.0,9.0,24.0,16.0,16.0,,OBRALRTALCA,1177879-OBRALRTALCA
1177887,"SIFON LOA LAVAPLATOS S/CURVA 1 1/2"" 1 UN",BAJO NIVEL CRITICO Y PARA MÁS DE DOS SEMANAS,23.0,10.0,9.0,16.0,16.0,16.0,,OBRALRTALCA,1177887-OBRALRTALCA
1177895,ANTICORROSIVO NEGRO 1 GAL,SOBRE NIVEL CRÍTICO Y PARA MÁS DE DOS SEMANAS,17.0,1.0,11.0,3.63,3.63,3.63,12 MESES,OBRALRTALCA,1177895-OBRALRTALCA
1178193,"BROCHA 2"" 1 UN",SOBRE NIVEL CRÍTICO Y PARA MÁS DE DOS SEMANAS,18.0,11.0,11.0,44.54,44.0,44.0,,OBRALRTALCA,1178193-OBRALRTALCA
1178257,CELOSIA 30 X 30 BLANCA 1 UN,SOBRE NIVEL CRÍTICO Y PARA MÁS DE DOS SEMANAS,114.0,1.0,9.0,16.0,16.0,16.0,,OBRALRTALCA,1178257-OBRALRTALCA
1179348,"MEDIDOR AGUA POTABLE 1"" 1 UN",BAJO NIVEL CRITICO Y PARA MÁS DE DOS SEMANAS,5.0,11.0,11.0,11.0,11.0,11.0,12 MESES,OBRALRTALCA,1179348-OBRALRTALCA
1179508,"BROCHA 4"" 1 UN",BAJO NIVEL CRITICO Y PARA MÁS DE DOS SEMANAS,10.0,10.0,10.0,34.38,46.0,46.0,,OBRALRTALCA,1179508-OBRALRTALCA
1179524,FRAGUE CERAMICO BLANCO 1 KG,SOBRE NIVEL CRÍTICO Y PARA MÁS DE DOS SEMANAS,195.0,11.0,10.0,219.03,219.0,219.0,12 MESES,OBRALRTALCA,1179524-OBRALRTALCA
1179698,"PLANCHA YESO-CARTON ST 10 MM 1 ,20 X 2,40 1 PLANCHA",SOBRE NIVEL CRÍTICO Y PARA MÁS DE DOS SEMANAS,942.0,1.0,1.0,1122.0,668.0,668.0,,OBRALRTALCA,1179698-OBRALRTALCA
1180331,"TINA 1,20 X 0,70 MTS BLANCA ES MALTADA 1 UN",BAJO NIVEL CRITICOY SIN ENTREGA LOS ÚLTIMOS 90 DÍAS,0.0,7.0,7.0,13.0,13.0,13.0,,OBRALRTALCA,1180331-OBRALRTALCA
1181093,"CANERIA CU 1"" TIPO L 1 ML",CERCA DE NIVEL CRITICO Y PARA MÁS DE DOS SEMANAS,18.8,11.0,11.0,22.0,28.44,28.44,,OBRALRTALCA,1181093-OBRALRTALCA
1181317,"SIFON EMBELLE 1 1/4"" SALIDA RECTA 1 UN",BAJO NIVEL CRITICO Y PARA MÁS DE DOS SEMANAS,30.0,11.0,9.0,32.0,32.0,32.0,,OBRALRTALCA,1181317-OBRALRTALCA
1181561,"DESAGUE LAVAPLATOS 1 1/2"" 1 U N",BAJO NIVEL CRITICOY SIN ENTREGA LOS ÚLTIMOS 90 DÍAS,8.0,11.0,5.0,14.0,21.0,21.0,,OBRALRTALCA,1181561-OBRALRTALCA
1181579,ANTICORROSIVO ROJO 1 GAL,BAJO NIVEL CRITICOY SIN ENTREGA LOS ÚLTIMOS 90 DÍAS,4.01,9.0,9.0,4.8,4.2,4.2,12 MESES,OBRALRTALCA,1181579-OBRALRTALCA
1182758,"PLANCHA YESO-CARTON RH 12,5 MM 1,20 X 2,40 1 PLANCHA",SOBRE NIVEL CRÍTICO Y PARA MÁS DE DOS SEMANAS,366.0,1.0,10.0,130.0,156.0,156.0,,OBRALRTALCA,1182758-OBRALRTALCA
1182862,MARCO PUERTA MADERA 30 X 90 1 UN,SOBRE NIVEL CRÍTICO Y PARA MÁS DE DOS SEMANAS,86.0,11.0,10.0,80.0,80.0,80.0,,OBRALRTALCA,1182862-OBRALRTALCA
1182889,LANA DE VIDRIO 100 MM 1 M2,SOBRE NIVEL CRÍTICO Y PARA MÁS DE DOS SEMANAS,225.0,11.0,11.0,742.5,396.0,396.0,,OBRALRTALCA,1182889-OBRALRTALCA
1183013,CINTA AUTOADHESIVA P/JUNTURA 45 MTS 1 ROLLO,SOBRE NIVEL CRÍTICO Y PARA MÁS DE DOS SEMANAS,114.0,11.0,11.0,71.5,97.0,97.0,,OBRALRTALCA,1183013-OBRALRTALCA
1183128,"SIFON BOTELLA 1 1/4"" SALIDA CU RVA 1 UN",BAJO NIVEL CRITICOY SIN ENTREGA LOS ÚLTIMOS 90 DÍAS,17.0,10.0,4.0,28.0,10.0,10.0,,OBRALRTALCA,1183128-OBRALRTALCA
1183136,PAPEL FIELTRO 10/40 1 ROLLO,BAJO NIVEL CRITICO Y PARA MÁS DE DOS SEMANAS,12.0,1.0,1.0,54.03,46.89,46.89,,OBRALRTALCA,1183136-OBRALRTALCA
1184083,CERRADURA REJA 2985 CI-30 POLI 1 UN,CERCA DE NIVEL CRITICOY SIN ENTREGA LOS ÚLTIMOS 90 DÍAS,31.0,1.0,9.0,8.0,8.0,8.0,,OBRALRTALCA,1184083-OBRALRTALCA
1187241,REGULADOR P/GAS 45KG RI 11100 1 UN,BAJO NIVEL CRITICO Y PARA MÁS DE DOS SEMANAS,11.0,9.0,8.0,8.0,8.0,8.0,,OBRALRTALCA,1187241-OBRALRTALCA
1187751,"TAPACAN SMARTSIDE TRIM 7 1/4"" LP 1 UN",SOBRE NIVEL CRÍTICO Y PARA MÁS DE DOS SEMANAS,178.0,1.0,1.0,204.0,204.0,204.0,,OBRALRTALCA,1187751-OBRALRTALCA
1188105,PLANCHA FIBROCEMENTO 4 MM 1 P LANCHA,SOBRE NIVEL CRÍTICO Y PARA MÁS DE DOS SEMANAS,159.0,2.0,1.0,221.0,221.0,221.0,,OBRALRTALCA,1188105-OBRALRTALCA
1188447,TERCIADO ESTRUCTURAL 15 MM 1 PLANCHA,BAJO NIVEL CRITICO Y PARA MÁS DE DOS SEMANAS,26.0,3.0,3.0,11.0,22.0,22.0,,OBRALRTALCA,1188447-OBRALRTALCA
1189722,CELOSIA 20 X 20 BLANCA 1 UN,SOBRE NIVEL CRÍTICO Y PARA MÁS DE DOS SEMANAS,129.0,1.0,9.0,24.0,24.0,24.0,,OBRALRTALCA,1189722-OBRALRTALCA
1190344,LLAVE PASO PP-R CAMPANA 25 MM CRM 1 UN,SOBRE NIVEL CRÍTICO Y PARA MÁS DE DOS SEMANAS,444.0,3.0,2.0,112.0,112.0,112.0,,OBRALRTALCA,1190344-OBRALRTALCA
1190483,"PUERTA HDF HR LISO C/CELOSIA 0,70 X 2 MTS EXTERIOR 1 UN",BAJO NIVEL CRITICO Y PARA MÁS DE DOS SEMANAS,14.0,11.0,10.0,10.0,10.0,10.0,,OBRALRTALCA,1190483-OBRALRTALCA
1190969,"PUERTA TERCIADO 0,70 X 2,00 CO N PE C/C 1 UN",BAJO NIVEL CRITICOY SIN ENTREGA LOS ÚLTIMOS 90 DÍAS,0.0,,,,,,,OBRALRTALCA,1190969-OBRALRTALCA
1191371,"TINA 1,7 X 0,7 MTS ACERO ESMAL TADA",BAJO NIVEL CRITICO Y PARA MÁS DE DOS SEMANAS,2.0,10.0,10.0,10.0,10.0,10.0,,OBRALRTALCA,1191371-OBRALRTALCA
1191718,MUEBLE VANITORIO 1 UN,BAJO NIVEL CRITICOY SIN ENTREGA LOS ÚLTIMOS 90 DÍAS,0.0,7.0,7.0,13.0,13.0,13.0,,OBRALRTALCA,1191718-OBRALRTALCA
1191857,CALEFON SPLENDID 11 LTS IONIZA DO 1 UN CON FLEXIBLES,SOBRE NIVEL CRÍTICOY SIN ENTREGA LOS ÚLTIMOS 90 DÍAS,21.0,10.0,9.0,16.0,16.0,16.0,,OBRALRTALCA,1191857-OBRALRTALCA
1191945,ADHESIVO TECNO BOND 20 KG 1 TIN,BAJO NIVEL CRITICO Y PARA MÁS DE DOS SEMANAS,2.7,1.0,11.0,2.93,2.93,2.93,18 MESES,OBRALRTALCA,1191945-OBRALRTALCA
1192112,"PUERTA HDF PRESTIGE 0,65 X 2 M T INTERIOR 1 UN",BAJO NIVEL CRITICOY SIN ENTREGA LOS ÚLTIMOS 90 DÍAS,0.0,7.0,7.0,13.0,13.0,13.0,,OBRALRTALCA,1192112-OBRALRTALCA
1192121,"PUERTA HDF PRESTIGE 0,70 X 2 M T INTERIOR 1 UN",BAJO NIVEL CRITICOY SIN ENTREGA LOS ÚLTIMOS 90 DÍAS,0.0,7.0,7.0,78.0,78.0,78.0,,OBRALRTALCA,1192121-OBRALRTALCA
1192139,"PUERTA HDF PRESTIGE 0,75 X 2 M T INTERIOR 1 UN",BAJO NIVEL CRITICOY SIN ENTREGA LOS ÚLTIMOS 90 DÍAS,0.0,7.0,7.0,13.0,13.0,13.0,,OBRALRTALCA,1192139-OBRALRTALCA
1192147,"BISAGRA 3"" X 3"" CROMO SATIN 1 UN",SOBRE NIVEL CRÍTICO Y PARA MÁS DE DOS SEMANAS,595.0,11.0,10.0,420.0,420.0,420.0,,OBRALRTALCA,1192147-OBRALRTALCA
1192155,"BISAGRA 3 1/2"" X 3 1/2"" CROMO SATIN 1 UN",SOBRE NIVEL CRÍTICO Y PARA MÁS DE DOS SEMANAS,47.0,11.0,10.0,30.0,30.0,30.0,,OBRALRTALCA,1192155-OBRALRTALCA
1192956,MASTERSEAL 550 30 KG 1 JUEGO,BAJO NIVEL CRITICO Y PARA MENOS DE DOS SEMANAS,2.0,3.0,3.0,13.75,13.75,13.75,24 MESES,OBRALRTALCA,1192956-OBRALRTALCA
1193131,CERROJO INOX LLAVE SCANAVINI 1 UN,BAJO NIVEL CRITICOY SIN ENTREGA LOS ÚLTIMOS 90 DÍAS,0.0,2.0,2.0,32.0,32.0,32.0,,OBRALRTALCA,1193131-OBRALRTALCA
1193289,PUERTA VIDRIADA ALCALA DH MARA CLARA 45 MM C/T DER 1UN,BAJO NIVEL CRITICO Y PARA MÁS DE DOS SEMANAS,12.0,11.0,10.0,5.0,10.0,10.0,,OBRALRTALCA,1193289-OBRALRTALCA
1193713,"PINO 2"" X 2"" X 3,20 MT IMPREGN ADO",SOBRE NIVEL CRÍTICO Y PARA MÁS DE DOS SEMANAS,1888.25,2.0,2.0,1456.0,1456.0,0.0,,OBRALRTALCA,1193713-OBRALRTALCA
1194281,"LAVAPLATO EMPOTRAR INOX 0,80 M T CON REBALSE MONOMANDO DER 1",BAJO NIVEL CRITICOY SIN ENTREGA LOS ÚLTIMOS 90 DÍAS,3.0,7.0,7.0,6.5,15.0,13.0,,OBRALRTALCA,1194281-OBRALRTALCA
1194290,"LAVAPLATO EMPOTRAR INOX 0,80 M T CON REBALSE MONOMANDO IZQ 1",BAJO NIVEL CRITICOY SIN ENTREGA LOS ÚLTIMOS 90 DÍAS,0.0,6.0,6.0,6.0,1.0,1.0,,OBRALRTALCA,1194290-OBRALRTALCA
1194994,PERILLON LISO INOX 1 UN,BAJO NIVEL CRITICO Y PARA MÁS DE DOS SEMANAS,23.0,11.0,9.0,8.0,8.0,8.0,,OBRALRTALCA,1194994-OBRALRTALCA
1195217,"TINA 1,40 X 0,70 MTS BLANCA ES MALTADA 1 UN",BAJO NIVEL CRITICO Y PARA MÁS DE DOS SEMANAS,2.0,10.0,10.0,10.0,10.0,10.0,,OBRALRTALCA,1195217-OBRALRTALCA
1195479,PUERTA VIDRIADA ALCALA DH MARA CLARA 45 MM C/T IZQ 1 UN,BAJO NIVEL CRITICOY SIN ENTREGA LOS ÚLTIMOS 90 DÍAS,0.0,,,,,,,OBRALRTALCA,1195479-OBRALRTALCA
1196455,ADHESIVO SILICONABLANCO SANISIL 280 ML 1 UN,BAJO NIVEL CRITICO Y PARA MENOS DE DOS SEMANAS,4.0,10.0,9.0,16.0,16.0,16.0,24 MESES,OBRALRTALCA,1196455-OBRALRTALCA
1196623,RECEPTACULO 0.70 X 0.70 MT 1 U N,BAJO NIVEL CRITICO Y PARA MÁS DE DOS SEMANAS,2.0,10.0,10.0,10.0,10.0,10.0,,OBRALRTALCA,1196623-OBRALRTALCA
1197327,CERRADURA MANILLA TOSCANA SIMP LE PASO 1 UN COD 121775,SOBRE NIVEL CRÍTICO Y PARA MÁS DE DOS SEMANAS,106.0,11.0,10.0,60.0,60.0,60.0,,OBRALRTALCA,1197327-OBRALRTALCA
1197335,CERRADURA MANILLA TOSCANA BA?O 1 UN COD 121774,SOBRE NIVEL CRÍTICO Y PARA MÁS DE DOS SEMANAS,69.0,11.0,10.0,40.0,40.0,40.0,,OBRALRTALCA,1197335-OBRALRTALCA
1197343,CERRADURA MANILLA TOSCANA DORM ITORIO 1 UN COD 132570,CERCA DE NIVEL CRITICO Y PARA MÁS DE DOS SEMANAS,32.0,11.0,10.0,20.0,20.0,20.0,,OBRALRTALCA,1197343-OBRALRTALCA
1197351,CERRADURA MANILLA TOSCANA ACCE SO 1 UN COD 121771,BAJO NIVEL CRITICO Y PARA MÁS DE DOS SEMANAS,21.0,11.0,10.0,10.0,10.0,10.0,,OBRALRTALCA,1197351-OBRALRTALCA
1197458,CERRADURA MANILLA TOSCANA COCI NA EXT 1 UN COD 121772,BAJO NIVEL CRITICO Y PARA MÁS DE DOS SEMANAS,16.0,11.0,10.0,10.0,10.0,10.0,,OBRALRTALCA,1197458-OBRALRTALCA
1198645,MARCO PUERTA MADERA ENCHAPADO MARA CLARA 30 X 90 1 UN,BAJO NIVEL CRITICO Y PARA MÁS DE DOS SEMANAS,37.0,11.0,10.0,40.0,30.0,30.0,,OBRALRTALCA,1198645-OBRALRTALCA
1199189,BEKRON D.A. EN POLVO 25 KG 1 SACO,SOBRE NIVEL CRÍTICO Y PARA MÁS DE DOS SEMANAS,56.0,11.0,11.0,175.56,248.4,248.4,6 MESES,OBRALRTALCA,1199189-OBRALRTALCA
1200151,DESAGUE PLATO DUCHA E70 X S 1 1/2 1 UN,BAJO NIVEL CRITICO Y PARA MÁS DE DOS SEMANAS,3.0,10.0,10.0,10.0,10.0,10.0,,OBRALRTALCA,1200151-OBRALRTALCA
1201470,PEGAMENTO ALFOMBRA PATEL,BAJO NIVEL CRITICO Y PARA MÁS DE DOS SEMANAS,32.0,11.0,9.0,8.81,8.5,8.5,24 MESES,OBRALRTALCA,1201470-OBRALRTALCA
1203213,LLAVE PASO PP-R CAMPANA 20 MM CRM 1 UN,SOBRE NIVEL CRÍTICO Y PARA MÁS DE DOS SEMANAS,355.0,3.0,2.0,28.0,28.0,28.0,,OBRALRTALCA,1203213-OBRALRTALCA
1204232,"TINA 1,60 X 0,70 MTS BLANCA ES MALTADA 1 UN",BAJO NIVEL CRITICOY SIN ENTREGA LOS ÚLTIMOS 90 DÍAS,0.0,7.0,7.0,13.0,13.0,13.0,,OBRALRTALCA,1204232-OBRALRTALCA
1206609,PASAMANOS RAULI 1 UN,BAJO NIVEL CRITICO Y PARA MENOS DE DOS SEMANAS,0.0,10.0,10.0,10.0,10.0,10.0,,OBRALRTALCA,1206609-OBRALRTALCA
1208161,CALEFON SPLENDID 13 LTS T/F C/ KIT DE INST CON FLEXIBLES,BAJO NIVEL CRITICOY SIN ENTREGA LOS ÚLTIMOS 90 DÍAS,0.0,7.0,7.0,13.0,13.0,13.0,,OBRALRTALCA,1208161-OBRALRTALCA
1234768,LAVAPLATO BAJO CUBIERTA DOBLE COPA 870 X 380 MM 1 UN,BAJO NIVEL CRITICO Y PARA MÁS DE DOS SEMANAS,21.0,11.0,9.0,8.0,8.0,8.0,,OBRALRTALCA,1234768-OBRALRTALCA
1243987,"PUERTA MDF PREP. AMPARO 0,60 X 2,00 MT",BAJO NIVEL CRITICO Y PARA MÁS DE DOS SEMANAS,14.0,11.0,10.0,10.0,10.0,10.0,,OBRALRTALCA,1243987-OBRALRTALCA
1244015,"PUERTA MDF PREP. AMPARO 0,70 X 2,00 MT",BAJO NIVEL CRITICO Y PARA MÁS DE DOS SEMANAS,44.0,11.0,10.0,40.0,40.0,40.0,,OBRALRTALCA,1244015-OBRALRTALCA
1244023,"PUERTA HDF PREP AMPARO 0,75 X 2,00 MT 1 UN",BAJO NIVEL CRITICO Y PARA MÁS DE DOS SEMANAS,42.0,11.0,10.0,30.0,30.0,30.0,,OBRALRTALCA,1244023-OBRALRTALCA
1251346,MALLA DE FIBRA DE VIDRIO 1X50 MTS 1 UN,BAJO NIVEL CRITICOY SIN ENTREGA LOS ÚLTIMOS 90 DÍAS,1.0,8.0,8.0,0.53,0.5,0.5,,OBRALRTALCA,1251346-OBRALRTALCA
1251688,CERRADURA ACC LLAVE ANDESLOCK CILINDRICA INOX 1 UN,BAJO NIVEL CRITICOY SIN ENTREGA LOS ÚLTIMOS 90 DÍAS,0.0,7.0,7.0,13.0,13.0,13.0,,OBRALRTALCA,1251688-OBRALRTALCA
1251696,CERRADURA BA?O ANDESLOCK CILINDRICA INOX 1 UN,BAJO NIVEL CRITICOY SIN ENTREGA LOS ÚLTIMOS 90 DÍAS,0.0,7.0,7.0,39.0,39.0,39.0,,OBRALRTALCA,1251696-OBRALRTALCA
1251709,CERRADURA SIMPLE PASO ANDESLOCK CILINDRICA INOX 1 UN,BAJO NIVEL CRITICOY SIN ENTREGA LOS ÚLTIMOS 90 DÍAS,0.0,7.0,7.0,52.0,52.0,52.0,,OBRALRTALCA,1251709-OBRALRTALCA
1251725,CERRADURA DORMITORIO ANDESLOCK CILINDRICA INOX 1 UN,BAJO NIVEL CRITICOY SIN ENTREGA LOS ÚLTIMOS 90 DÍAS,0.0,7.0,7.0,13.0,26.0,26.0,,OBRALRTALCA,1251725-OBRALRTALCA
1254361,TERMOPLAC STRATO 1 SACO,SOBRE NIVEL CRÍTICO Y PARA MÁS DE DOS SEMANAS,145.0,2.0,2.0,3.5,4.0,4.0,6 MESES,OBRALRTALCA,1254361-OBRALRTALCA
1256198,"DESAGUE LAVATORIO 1 1/4"" C/REB /REJ 1 UN",CERCA DE NIVEL CRITICO Y PARA MÁS DE DOS SEMANAS,37.0,10.0,9.0,32.0,32.0,32.0,,OBRALRTALCA,1256198-OBRALRTALCA
1256340,FRAGUE CERAMICO CAPRI 1 KG,SOBRE NIVEL CRÍTICO Y PARA MÁS DE DOS SEMANAS,645.0,1.0,11.0,184.8,184.0,184.0,12 MESES,OBRALRTALCA,1256340-OBRALRTALCA
1257570,ALFOMBRA STONE BEIGE 600 1 M2,SOBRE NIVEL CRÍTICOY SIN ENTREGA LOS ÚLTIMOS 90 DÍAS,160.16,7.0,7.0,635.96,701.4,701.4,,OBRALRTALCA,1257570-OBRALRTALCA
1259305,"PLANCHA OSB PROTEC 11,1 MM X 2,4 4 X 1,22 MTS LP 1 UN",SOBRE NIVEL CRÍTICO Y PARA MÁS DE DOS SEMANAS,651.0,2.0,1.0,841.5,841.0,792.0,,OBRALRTALCA,1259305-OBRALRTALCA
1267250,"VOLCAPOL ST 50 MM 1,20 X 2,40 1 PLANCHA",SOBRE NIVEL CRÍTICO Y PARA MÁS DE DOS SEMANAS,509.0,1.0,1.0,850.0,850.0,217.0,,OBRALRTALCA,1267250-OBRALRTALCA
1268615,YESO EXPRESS 25 KG,BAJO NIVEL CRITICO Y PARA MÁS DE DOS SEMANAS,59.0,11.0,11.0,99.89,112.0,112.0,6 MESES,OBRALRTALCA,1268615-OBRALRTALCA
1268623,MASILLA BASE JUNTA PRO 25 KG,BAJO NIVEL CRITICO Y PARA MÁS DE DOS SEMANAS,42.0,11.0,11.0,42.86,42.53,42.53,6 MESES,OBRALRTALCA,1268623-OBRALRTALCA
1269909,ADHESIVO CERAMICO EN PASTA AC  25 KG 1 TIN,SOBRE NIVEL CRÍTICO Y PARA MÁS DE DOS SEMANAS,62.0,11.0,10.0,87.71,87.71,87.71,6 MESES,OBRALRTALCA,1269909-OBRALRTALCA
1270379,ACRIZINC NEGRO (25 KG) 1 TINETA,SOBRE NIVEL CRÍTICOY SIN ENTREGA LOS ÚLTIMOS 90 DÍAS,2.0,5.0,3.0,2.64,1.0,1.0,24 MESES,OBRALRTALCA,1270379-OBRALRTALCA
1270459,MARMOLINA GRIS ARENA (25 KG) 1 TINETA,BAJO NIVEL CRITICO Y PARA MÁS DE DOS SEMANAS,31.0,10.0,10.0,25.83,39.0,39.0,12 MESES,OBRALRTALCA,1270459-OBRALRTALCA
1270467,MARMOLINA MOCHA BROWN (25 KG) 1 TINETA,BAJO NIVEL CRITICO Y PARA MÁS DE DOS SEMANAS,22.0,10.0,10.0,25.83,23.0,23.0,12 MESES,OBRALRTALCA,1270467-OBRALRTALCA
1270475,MARMOLINA CLAY BEIGECT-70R G.M. (25 KG) 1 TINETA,BAJO NIVEL CRITICO Y PARA MÁS DE DOS SEMANAS,27.0,10.0,9.0,23.83,40.0,40.0,12 MESES,OBRALRTALCA,1270475-OBRALRTALCA
1270521,LOSATEX (25 KG) 1 TINETA,BAJO NIVEL CRITICO Y PARA MÁS DE DOS SEMANAS,11.0,10.0,10.0,8.5,8.4,8.4,12 MESES,OBRALRTALCA,1270521-OBRALRTALCA
1271056,PORCELANATOGREY GRES DETROIT 30 X 60 1 M2,SOBRE NIVEL CRÍTICO Y PARA MÁS DE DOS SEMANAS,396.02,1.0,11.0,481.14,481.14,481.14,,OBRALRTALCA,1271056-OBRALRTALCA
1271136,MARCO PUERTA MADERA 40X90 C/RA NURA BURLETE 1UN,BAJO NIVEL CRITICO Y PARA MÁS DE DOS SEMANAS,17.0,11.0,10.0,10.0,10.0,10.0,,OBRALRTALCA,1271136-OBRALRTALCA
1272251,ESMALTE TRIPLE ACCION 1 GALON,BAJO NIVEL CRITICO Y PARA MÁS DE DOS SEMANAS,9.0,10.0,9.0,7.44,7.8,7.8,12 MESES,OBRALRTALCA,1272251-OBRALRTALCA
1274206,"VOLCAPOL RH 52,5 MM 1,20 X 2,4",BAJO NIVEL CRITICO Y PARA MÁS DE DOS SEMANAS,99.0,1.0,1.0,187.0,187.0,0.0,,OBRALRTALCA,1274206-OBRALRTALCA
1274812,BASE COAT 20 KG 1 SACO,BAJO NIVEL CRITICOY SIN ENTREGA LOS ÚLTIMOS 90 DÍAS,0.0,8.0,8.0,68.0,36.0,36.0,12 MESES,OBRALRTALCA,1274812-OBRALRTALCA
1274839,MASTERWALL GRIS ARENA(SR) 23KG 1 TINETA,BAJO NIVEL CRITICO Y PARA MÁS DE DOS SEMANAS,26.0,10.0,9.0,16.03,18.0,18.0,12 MESES,OBRALRTALCA,1274839-OBRALRTALCA
1275065,"VENTILACION PASIVA 4"" 1 UN",SOBRE NIVEL CRÍTICO Y PARA MÁS DE DOS SEMANAS,152.0,1.0,10.0,50.0,50.0,50.0,,OBRALRTALCA,1275065-OBRALRTALCA
1275217,MASTERWALL CLAY BEIGE 23 KG 1 TINETA,BAJO NIVEL CRITICO Y PARA MÁS DE DOS SEMANAS,19.0,10.0,9.0,13.33,20.0,20.0,12 MESES,OBRALRTALCA,1275217-OBRALRTALCA
1275225,MASTERWALL MOCHA BROWN 23 KG 1 TINETA,BAJO NIVEL CRITICO Y PARA MÁS DE DOS SEMANAS,26.0,10.0,9.0,13.33,10.0,10.0,12 MESES,OBRALRTALCA,1275225-OBRALRTALCA
1275401,"PUERTA MDF CAPRI II ENCHAPADA 0,75 X 2,00 1 UN",BAJO NIVEL CRITICO Y PARA MÁS DE DOS SEMANAS,28.0,11.0,10.0,20.0,20.0,20.0,,OBRALRTALCA,1275401-OBRALRTALCA
1275410,"PUERTA MDF CAPRI II ENCHAPADA 0,65 X 2,00 1 UN",BAJO NIVEL CRITICO Y PARA MÁS DE DOS SEMANAS,14.0,11.0,10.0,10.0,10.0,10.0,,OBRALRTALCA,1275410-OBRALRTALCA
1275920,PINTURA ESMALTE AL AGUABLANCO INVIERNO CP-70  1 TIN,BAJO NIVEL CRITICO Y PARA MÁS DE DOS SEMANAS,4.0,11.0,10.0,2.5,2.5,2.5,12 MESES,OBRALRTALCA,1275920-OBRALRTALCA
1275938,PINTURA ESMALTE AL AGUABLANCO HUESO CP-70  1 TIN,BAJO NIVEL CRITICO Y PARA MÁS DE DOS SEMANAS,7.0,11.0,10.0,2.5,2.5,2.5,12 MESES,OBRALRTALCA,1275938-OBRALRTALCA
1275946,OLEO OPACO BLANCO INVIERNO 1 GAL,BAJO NIVEL CRITICO Y PARA MÁS DE DOS SEMANAS,10.0,10.0,9.0,16.0,26.0,26.0,,OBRALRTALCA,1275946-OBRALRTALCA
1275997,FRAGUE CERAMICO GREY 1 KG,SOBRE NIVEL CRÍTICO Y PARA MÁS DE DOS SEMANAS,110.0,11.0,11.0,96.8,2.0,2.0,12 MESES,OBRALRTALCA,1275997-OBRALRTALCA
1276050,ALFOMBRA PIGALLE MOROCCO COLOR PEUMO 850 GRS 1 M2,SOBRE NIVEL CRÍTICO Y PARA MÁS DE DOS SEMANAS,637.48,10.0,9.0,480.0,30.0,0.0,,OBRALRTALCA,1276050-OBRALRTALCA
1276771,SILICONA SANISIL TRANSPARENTE 1 UNI,BAJO NIVEL CRITICO Y PARA MENOS DE DOS SEMANAS,1.0,9.0,8.0,6.0,6.0,6.0,24 MESES,OBRALRTALCA,1276771-OBRALRTALCA
1277466,VOLCAFIX ADHESIVO VOLCAPOL 25 KG,BAJO NIVEL CRITICO Y PARA MÁS DE DOS SEMANAS,95.0,11.0,11.0,171.4,186.38,186.38,,OBRALRTALCA,1277466-OBRALRTALCA
1278928,POLIESTIRENO EXP. 30 MM (20KG/ M3) 1 PLANCHA,SOBRE NIVEL CRÍTICO Y PARA MÁS DE DOS SEMANAS,156.0,2.0,2.0,210.0,210.0,210.0,,OBRALRTALCA,1278928-OBRALRTALCA
1278936,POLIESTIRENO EXP. 60 MM (20KG/ M3) 1 PLANCHA,SOBRE NIVEL CRÍTICO Y PARA MÁS DE DOS SEMANAS,109.0,1.0,1.0,119.0,119.0,119.0,,OBRALRTALCA,1278936-OBRALRTALCA
1279517,"PUERTA TOSCANA ESTILO NATURAL 0,85 X 2 MT",BAJO NIVEL CRITICO Y PARA MÁS DE DOS SEMANAS,12.0,11.0,10.0,10.0,10.0,10.0,,OBRALRTALCA,1279517-OBRALRTALCA
1279525,MARCO PUERTA L M26 1 UN,BAJO NIVEL CRITICO Y PARA MÁS DE DOS SEMANAS,12.0,11.0,10.0,10.0,10.0,10.0,,OBRALRTALCA,1279525-OBRALRTALCA
1279584,"SIKABOND MONTAJE 3,8 KG BALDES",BAJO NIVEL CRITICO Y PARA MÁS DE DOS SEMANAS,40.0,11.0,10.0,40.01,40.0,40.0,12 MESES,OBRALRTALCA,1279584-OBRALRTALCA
1280551,"PUERTA TOSCANA ESTILO RUSTICO 0,85 X 2 MT",BAJO NIVEL CRITICOY SIN ENTREGA LOS ÚLTIMOS 90 DÍAS,0.0,2.0,2.0,16.0,16.0,16.0,,OBRALRTALCA,1280551-OBRALRTALCA
1283102,PINTURA DE MADERACASTANO MADERVET 1 TIN,BAJO NIVEL CRITICO Y PARA MÁS DE DOS SEMANAS,2.0,10.0,10.0,1.5,0.97,0.97,12 MESES,OBRALRTALCA,1283102-OBRALRTALCA
1285634,CERAMICA PLAINE CUERO 45 X 45 1 M2,BAJO NIVEL CRITICOY SIN ENTREGA LOS ÚLTIMOS 90 DÍAS,0.0,7.0,7.0,676.29,721.76,721.76,,OBRALRTALCA,1285634-OBRALRTALCA
1287031,CERAMICAGRIS VICAR 45 X 45 1 M2,SOBRE NIVEL CRÍTICO Y PARA MÁS DE DOS SEMANAS,98.47,11.0,11.0,254.1,253.76,251.9,,OBRALRTALCA,1287031-OBRALRTALCA
1288093,MOLDURA XPS 33X32 E6 1 ML,BAJO NIVEL CRITICOY SIN ENTREGA LOS ÚLTIMOS 90 DÍAS,0.0,7.0,7.0,1690.0,1670.0,1800.0,,OBRALRTALCA,1288093-OBRALRTALCA
1288106,MOLDURA XPS 50X56 E7 1 ML,SOBRE NIVEL CRÍTICO Y PARA MÁS DE DOS SEMANAS,2064.0,11.0,10.0,1620.01,1620.0,1620.0,,OBRALRTALCA,1288106-OBRALRTALCA
1289483,MONOMANDO LAVATORIO AREZZO,BAJO NIVEL CRITICO Y PARA MÁS DE DOS SEMANAS,24.0,11.0,11.0,33.0,33.0,0.0,,OBRALRTALCA,1289483-OBRALRTALCA
1289491,MONOMANDO TINA DUCHA AREZZO,BAJO NIVEL CRITICO Y PARA MÁS DE DOS SEMANAS,18.0,11.0,11.0,22.0,22.0,0.0,,OBRALRTALCA,1289491-OBRALRTALCA
1289504,MONOMANDO DUCHA AREZZO,BAJO NIVEL CRITICO Y PARA MÁS DE DOS SEMANAS,10.0,11.0,11.0,11.0,11.0,0.0,,OBRALRTALCA,1289504-OBRALRTALCA
1289512,MONOMANDO LAVAPLATOS AREZZO,BAJO NIVEL CRITICO Y PARA MÁS DE DOS SEMANAS,6.0,11.0,11.0,11.0,11.0,0.0,,OBRALRTALCA,1289512-OBRALRTALCA
1290142,TEJA ASFALTICA OAKRIDGE BROWN WOOD CAFE M2,SOBRE NIVEL CRÍTICO Y PARA MÁS DE DOS SEMANAS,567.3,1.0,1.0,2111.77,2266.8,2266.8,,OBRALRTALCA,1290142-OBRALRTALCA
1290151,TEJA ASFALTICA SUPREME BROWN WOOD CAFE M2,SOBRE NIVEL CRÍTICO Y PARA MÁS DE DOS SEMANAS,1196.6,2.0,1.0,227.66,235.3,235.3,,OBRALRTALCA,1290151-OBRALRTALCA
1290265,MUEBLE DE COCINA CORMORAN,BAJO NIVEL CRITICOY SIN ENTREGA LOS ÚLTIMOS 90 DÍAS,37.0,11.0,,,,,,OBRALRTALCA,1290265-OBRALRTALCA
1291188,EXTRACTOR RETON 100 BTH HIGRO 1 UN,SOBRE NIVEL CRÍTICO Y PARA MÁS DE DOS SEMANAS,84.0,11.0,9.0,32.0,32.0,32.0,,OBRALRTALCA,1291188-OBRALRTALCA
1295373,CERAMICA NEW BLANCA BRILL 25 X 40 1 M2,SOBRE NIVEL CRÍTICO Y PARA MÁS DE DOS SEMANAS,691.38,11.0,10.0,575.61,574.51,574.51,,OBRALRTALCA,1295373-OBRALRTALCA
1295461,LATEX CIELOLAT BLANCO HUESO,SOBRE NIVEL CRÍTICO Y PARA MÁS DE DOS SEMANAS,54.0,11.0,10.0,47.3,47.0,47.0,12 MESES,OBRALRTALCA,1295461-OBRALRTALCA
1295470,LATEX CIELOLAT BLANCO INVIERNO,BAJO NIVEL CRITICO Y PARA MÁS DE DOS SEMANAS,24.0,11.0,10.0,27.75,27.0,27.0,12 MESES,OBRALRTALCA,1295470-OBRALRTALCA
1299126,MUEBLE VANITORIO CORMORAN 1 UN,CERCA DE NIVEL CRITICOY SIN ENTREGA LOS ÚLTIMOS 90 DÍAS,74.0,11.0,,,,,,OBRALRTALCA,1299126-OBRALRTALCA
1299451,PASTA MURO CI-2005 24 KG 1 TIN,BAJO NIVEL CRITICO Y PARA MÁS DE DOS SEMANAS,36.0,11.0,11.0,44.71,44.0,44.0,12 MESES,OBRALRTALCA,1299451-OBRALRTALCA
